id,first_name,last_name,departement,salary
1,Nadya,Timlin,Health,8949
2,Bil,Dumberell,Industrial,2937
3,Maritsa,Warnock,Toys,7057
4,Gualterio,Deware,Games,5305
5,Analise,Saffle,Beauty,9100
6,Amerigo,Gutridge,Shoes,6340
7,Patsy,Stocking,Grocery,6800
8,Chane,Sheaber,Tools,4230
9,Rouvin,Cagan,Automotive,2958
10,Nolan,Antonazzi,Toys,6590
11,Glynda,Haville,Automotive,7734
12,Manfred,Bambery,Garden,7667
13,Henrie,Gerrish,Home,6543
14,Augie,Swindon,Clothing,2100
15,Thaddeus,Fullylove,Outdoors,3560
16,Stern,Yakhin,Industrial,5769
17,Valle,A'field,Baby,7524
18,Ruthanne,Guntrip,Garden,4062
19,Lauren,Holtom,Clothing,6968
20,Laryssa,Staniforth,Toys,1902
21,Dona,Lagneaux,Movies,8055
22,Cobby,Higounet,Automotive,9104
23,Yankee,Bewley,Games,3675
24,Susette,Bodham,Clothing,8196
25,Brice,Barts,Shoes,5187
26,Sheeree,Velde,Kids,4650
27,Serene,Prendeguest,Health,5702
28,Danette,Endley,Outdoors,6981
29,Modestia,Paal,Movies,872
30,Colleen,Hollyland,Health,5495
31,Gerry,Drew,Toys,3201
32,Willette,Estrella,Toys,9247
33,Fabio,Vivers,Games,6920
34,Raymond,Porch,Books,4361
35,Shelby,MacCahey,Sports,7321
36,Arnaldo,Jizhaki,Electronics,7500
37,Erminia,Smidmoor,Tools,1450
38,Nicoline,Atheis,Baby,4620
39,Donica,Truce,Electronics,8958
40,Paul,MacAlister,Beauty,209
41,Paco,Kilty,Sports,2156
42,Reece,Sheardown,Baby,7789
43,Tessa,Quarles,Automotive,2426
44,Tresa,Mobley,Jewelery,8301
45,Aveline,Arnaudi,Tools,1174
46,Melisent,Godfery,Outdoors,6241
47,Wynnie,Ellens,Tools,6890
48,Aeriell,Sexon,Jewelery,1521
49,Cross,Boyington,Home,864
50,Grissel,Gyde,Beauty,1276
51,Jilly,Shorte,Shoes,6353
52,Joana,Dunthorn,Shoes,6808
53,Glyn,Eake,Beauty,8948
54,Rich,Gisbey,Grocery,5478
55,Stephannie,Aucutt,Toys,9246
56,Cross,Adran,Grocery,4824
57,Patton,Pelerin,Clothing,1806
58,Karlyn,Pering,Tools,2068
59,Kimberly,Jaynes,Computers,3008
60,Fern,Joust,Beauty,8505
61,Tabatha,Portch,Computers,7245
62,Elizabet,Schultes,Sports,2258
63,Cyndy,Schulze,Home,6960
64,Nydia,Ellit,Industrial,4996
65,Lauri,Berrigan,Games,6303
66,Giovanna,Ower,Automotive,8831
67,Noll,Hickin,Toys,346
68,Alyss,Storms,Grocery,4133
69,Tedman,Reaveley,Tools,4194
70,Weider,Back,Automotive,9210
71,Jermayne,Cote,Toys,2367
72,Goober,Huortic,Shoes,2024
73,Vanessa,Scamadine,Home,9004
74,Emmeline,Hadigate,Beauty,2363
75,Devan,Cashen,Computers,7972
76,Astra,Mulberry,Outdoors,1765
77,Jamima,Romeril,Movies,6819
78,Meredith,Hawken,Garden,6737
79,Anstice,Whitman,Jewelery,4326
80,Paule,Adrian,Shoes,4349
81,Ruby,Farress,Garden,9787
82,Iona,Bonnefin,Beauty,3219
83,Heda,Pollard,Jewelery,9788
84,Inge,Vergine,Games,7447
85,Allen,Dethloff,Shoes,3069
86,Calvin,McAteer,Computers,5121
87,Etienne,Lyptrit,Music,7090
88,Clyve,Gibberd,Music,437
89,Larine,Cannaway,Books,5842
90,Spenser,Antonsen,Automotive,3505
91,Maridel,Messier,Outdoors,4875
92,Maddy,Padmore,Electronics,5541
93,Eberto,Birtchnell,Music,4746
94,Thornton,Harridge,Health,9639
95,Seline,Allwright,Toys,3056
96,Waiter,Bleue,Clothing,912
97,Archibald,Goodson,Industrial,3334
98,Hall,Spittles,Games,2727
99,Malissa,Grouer,Games,3633
100,Cosimo,Stedman,Kids,6133
101,Chandler,Clackers,Music,7073
102,Lucina,Bearham,Health,2858
103,Twila,O'Dare,Garden,9170
104,Baudoin,Plover,Grocery,1363
105,Waverly,Attwoul,Movies,6501
106,Eli,Olesen,Kids,4920
107,Tony,Marunchak,Automotive,6026
108,Winona,Gronow,Clothing,9184
109,Ky,Scotchforth,Computers,6105
110,Mina,Brookson,Books,2085
111,Elysia,Chesworth,Kids,1023
112,Blaire,McQuaid,Beauty,5763
113,Leslie,Guard,Health,2909
114,Kissee,Merritt,Clothing,9992
115,Chryste,Learoid,Beauty,6650
116,Josefina,Raft,Outdoors,927
117,Lulita,Fisby,Health,3872
118,Nert,Gilbertson,Books,727
119,Giovanna,Schruur,Garden,6183
120,Siward,Slatcher,Books,9744
121,Fred,Lampett,Kids,865
122,Tiena,Dotterill,Kids,1644
123,Isabeau,Belcham,Tools,9087
124,Phelia,Letrange,Grocery,298
125,Zilvia,Walcot,Electronics,4974
126,Babette,Nye,Music,8518
127,Susan,Bowes,Tools,5633
128,Heriberto,Harmond,Sports,9844
129,Westbrook,Gerrit,Outdoors,7060
130,Giselle,Wilstead,Clothing,5598
131,Larry,Boerder,Toys,9802
132,Dasya,Cuckoo,Baby,9429
133,Natassia,Peachman,Movies,918
134,Leonore,Pippin,Books,5783
135,Jessa,Brayley,Jewelery,540
136,Pennie,Egdal,Home,1928
137,Shandie,Grahl,Music,2409
138,Enriqueta,Scay,Industrial,810
139,Shea,Landreth,Clothing,9321
140,Del,Sabatini,Grocery,7414
141,Gui,Lee,Home,7403
142,Lena,Ashurst,Grocery,8428
143,Tad,Killwick,Sports,2269
144,Horatio,Craig,Outdoors,5421
145,Bird,Djakovic,Books,6790
146,Arel,Jayme,Automotive,4344
147,Jewelle,Phipson,Books,1628
148,Camila,Licas,Outdoors,8541
149,Killian,Gardiner,Computers,9299
150,Gradeigh,Heisman,Clothing,854
151,Sebastien,Pennings,Beauty,490
152,Boothe,Edelheit,Outdoors,3862
153,Anderea,Howgego,Beauty,8532
154,Ginger,Beresfore,Baby,3017
155,Sax,Worsfield,Baby,606
156,Wayland,Broadbury,Kids,4382
157,Bethanne,Tart,Games,7218
158,Dore,Wing,Electronics,5372
159,Bing,Donati,Movies,2069
160,Porter,Safhill,Computers,4026
161,Anton,Capnerhurst,Shoes,950
162,Dacey,Housbie,Games,3183
163,Adolphe,Krolik,Baby,5310
164,Karly,Andreou,Automotive,1276
165,Xena,Spinige,Games,2222
166,Pegeen,Postan,Baby,411
167,Marketa,Viel,Industrial,5936
168,Aaren,Bernth,Outdoors,1783
169,Jillian,Climo,Garden,5960
170,Leoine,Lassey,Movies,6571
171,Eunice,Denington,Kids,2583
172,Flori,Andrew,Home,4222
173,Arleta,Asbrey,Health,5532
174,Hayward,Battill,Grocery,790
175,Rois,Balma,Toys,4582
176,Al,Savill,Garden,5338
177,Lindy,Mc Comb,Automotive,4572
178,Vera,Westhofer,Books,6221
179,Pattin,Gunstone,Kids,4992
180,Helaine,Giacopini,Baby,3817
181,Sondra,Gaddas,Jewelery,7559
182,Kaja,Rawlinson,Electronics,5227
183,Ceciley,Vidineev,Shoes,920
184,Nelie,Frarey,Movies,230
185,Rene,Gori,Home,7407
186,Elvis,McAlindon,Health,485
187,Inessa,Mayze,Kids,562
188,Pieter,Clayden,Beauty,4767
189,Kristy,Rennicks,Music,8043
190,Ofella,Fortune,Computers,9195
191,Alexander,Meineck,Beauty,5775
192,Silvain,Kingsnorth,Automotive,9088
193,Carmel,Kusick,Music,9860
194,Fabio,Lynock,Shoes,8333
195,Belia,Donaway,Jewelery,8046
196,Pail,McGilleghole,Kids,4334
197,Becca,Beasant,Electronics,6773
198,Allsun,Foxon,Grocery,9478
199,Candide,Presland,Computers,9747
200,Benjamen,Gianolini,Health,4310
201,Suzann,Pylkynyton,Health,4037
202,Cori,Pagin,Clothing,8894
203,Silva,Rabier,Outdoors,4362
204,Mirabella,Argile,Tools,6431
205,Marieann,Kyte,Grocery,5504
206,Herbie,Legges,Electronics,2757
207,Joel,Lillford,Shoes,605
208,Marietta,Sagg,Grocery,1069
209,Gayle,Smullin,Computers,9018
210,Raynell,Scalera,Electronics,8637
211,Tate,Chrichton,Shoes,169
212,Sissy,Duignan,Garden,4338
213,Freddy,Lomath,Beauty,2148
214,Carilyn,Cattlemull,Industrial,1776
215,Pail,Ronchi,Jewelery,3285
216,Manon,McClenan,Music,5720
217,Heddie,Shenfish,Health,4764
218,Ingemar,Greiswood,Books,1831
219,August,Backson,Outdoors,9333
220,Dee,Voysey,Toys,3557
221,Rhoda,Shemilt,Baby,1003
222,Harriot,Schneidar,Toys,9812
223,Billye,Greenough,Automotive,393
224,Em,Tremmil,Jewelery,7249
225,Gus,Pollins,Home,5126
226,Christian,Womersley,Music,2909
227,Shandra,Fullalove,Grocery,4312
228,Bondie,Ferney,Outdoors,2487
229,Art,Barnish,Automotive,5968
230,Adriaens,Tarney,Health,3034
231,Sonya,Dusey,Toys,3511
232,Solly,Braffington,Shoes,7673
233,Billie,Coull,Books,8544
234,Tomkin,Biddles,Home,5829
235,Cairistiona,Gelderd,Clothing,1560
236,Gwynne,Vinck,Industrial,8109
237,Merissa,Benyan,Jewelery,8913
238,Jenica,Sigert,Automotive,394
239,Nicola,Beiderbeck,Games,769
240,Byran,Revance,Clothing,741
241,Rayner,Kitching,Beauty,6460
242,Blakeley,Stapleton,Games,310
243,Gardener,Hobbert,Books,542
244,Nathalia,Bortol,Clothing,2501
245,Kristian,Acey,Books,4828
246,Rowney,Pllu,Toys,3765
247,Anthia,Minall,Baby,8493
248,Morie,Eilhertsen,Industrial,7345
249,Bryce,Sorsby,Sports,6025
250,Vasilis,Nibley,Outdoors,5938
251,Devi,Capitano,Baby,9549
252,Kirsten,Bleasdille,Computers,3847
253,Pascale,Kiehl,Books,1527
254,Jerrome,Adamovitz,Games,8837
255,Thorsten,McIlhone,Clothing,9995
256,Alis,De Banke,Baby,1834
257,Louisette,McCulley,Beauty,6289
258,Tore,Darth,Tools,6552
259,Brit,Bratchell,Home,6841
260,Billye,Boynes,Beauty,9826
261,Deirdre,Camelli,Shoes,5150
262,Winslow,Meritt,Grocery,2838
263,Roddie,Lippett,Grocery,4508
264,Shayna,Gwyther,Clothing,2477
265,Rica,Crosfeld,Toys,8280
266,Leo,Butterfint,Home,8995
267,Gan,Mockford,Garden,7395
268,Zebulon,Wherry,Baby,2384
269,Danika,Giggs,Movies,7010
270,Marchelle,Maher,Games,5044
271,Kassi,Greig,Sports,7118
272,Beitris,Tym,Shoes,4488
273,Leonelle,Broadley,Beauty,2943
274,Pet,Lexa,Automotive,9311
275,Minnie,Gullis,Music,3438
276,Vinnie,McKim,Jewelery,1008
277,Jeralee,Sterndale,Books,3408
278,Bernelle,Myford,Home,3391
279,Jyoti,Postgate,Movies,9807
280,Layton,Wessell,Home,6870
281,Clio,Barthorpe,Home,1244
282,Bancroft,Stode,Jewelery,9340
283,Sheila-kathryn,Dunphy,Electronics,3471
284,Deedee,Lamacraft,Computers,5060
285,Constanta,Fairburne,Health,5013
286,Tessi,Pley,Clothing,8062
287,Vinny,Bobasch,Computers,5209
288,Anselma,Jeske,Health,1399
289,Boigie,Croizier,Movies,4922
290,Stephine,Fareweather,Shoes,1898
291,Reinhard,Boykett,Toys,8886
292,Shawn,Pearcehouse,Grocery,6356
293,Norry,Yarr,Music,1377
294,Sarene,Antunes,Kids,7771
295,Mady,Prince,Tools,4648
296,Shelly,O'Boyle,Movies,2260
297,Twila,Bearcroft,Kids,1057
298,Sibley,Oakden,Outdoors,4108
299,Tabitha,Poyser,Health,8515
300,Olly,Madeley,Computers,3107
301,Camila,Blondel,Games,126
302,Andy,Oakeshott,Garden,9655
303,Boycie,Knightley,Grocery,4478
304,Caty,Gallymore,Computers,3617
305,Elset,Dodding,Grocery,9207
306,Eustace,Alabone,Home,1972
307,Aleda,Czaja,Electronics,1029
308,Shurlock,Gatfield,Home,9714
309,Emily,Folonin,Computers,668
310,Marinna,Gilchriest,Music,9264
311,Cull,Breche,Jewelery,6413
312,Adria,Chitham,Garden,9769
313,Alvin,Dickerline,Music,7596
314,Elyn,Trevarthen,Tools,304
315,Webster,Andrys,Automotive,2585
316,Aron,Papps,Grocery,646
317,Raven,Abrahams,Health,1071
318,Jaynell,Najara,Sports,1990
319,Tyne,Plummer,Kids,1804
320,Noel,Woolsey,Games,1190
321,Lowrance,Barlee,Health,5712
322,Constantine,Wixey,Beauty,8214
323,Marlowe,Gallihawk,Toys,3168
324,Venita,Deener,Clothing,2065
325,Joanna,Croser,Movies,9383
326,Anallese,Cowans,Movies,5386
327,Edwina,Moses,Books,6822
328,Nara,Dealey,Baby,2643
329,Yetta,Munby,Kids,6482
330,Oriana,Saynor,Industrial,9911
331,Madelin,Ranvoise,Health,4162
332,Cornela,Bulch,Music,9181
333,Reinaldos,Braven,Jewelery,8056
334,Rozanna,Bauckham,Clothing,8324
335,Tamar,Orgill,Shoes,4621
336,Garvy,Greaser,Jewelery,5718
337,Caitrin,Fairhall,Automotive,8417
338,Ronni,Sisey,Shoes,3668
339,Bonni,Lawn,Electronics,6477
340,Peadar,Scarce,Kids,6921
341,Norry,Smitheram,Computers,5493
342,Burton,Scamwell,Kids,575
343,Lynne,Carnegie,Garden,8510
344,Reece,Deathridge,Movies,1148
345,Ronda,Sunner,Books,6736
346,Aubrette,Cicerone,Computers,9407
347,Kiri,Rookes,Books,2138
348,Ashley,Cogin,Grocery,6354
349,Sibylla,Seargeant,Tools,4560
350,Eduard,Botterman,Movies,9098
351,Jermain,Gepheart,Books,5667
352,Miles,Gillett,Kids,8241
353,Lexine,Craven,Grocery,8335
354,Aubree,Codi,Tools,8050
355,Dulcea,Buffey,Toys,9602
356,Faber,Helversen,Jewelery,9351
357,Nichole,Sondland,Electronics,9797
358,Maryellen,Grigoriscu,Movies,1677
359,Emelina,Challender,Movies,6931
360,Alfredo,Rizzo,Jewelery,8730
361,Leanna,Vautin,Music,4396
362,Rebecka,Gurko,Baby,791
363,Neville,Washbrook,Jewelery,9887
364,Hart,Abram,Tools,9260
365,Doralynne,Baszniak,Garden,3902
366,Aliza,Sanchis,Electronics,7316
367,Barbra,Islip,Sports,9885
368,Mohandas,Hoston,Tools,119
369,Waylen,Tabor,Jewelery,4424
370,Geri,Sellick,Garden,9850
371,Wyn,Campes,Baby,6775
372,Kylen,Jagoe,Grocery,2269
373,Ervin,Curnokk,Kids,3324
374,Shepard,Barkworth,Clothing,4050
375,Dyann,Solly,Jewelery,426
376,Trixie,Feek,Health,1784
377,Charisse,Greed,Garden,5013
378,Kimmi,Kiljan,Grocery,7112
379,Mabelle,Bastiman,Baby,3275
380,Correy,Heugle,Outdoors,6169
381,Sergeant,Turle,Books,5231
382,Roobbie,Causton,Electronics,8155
383,Nelle,Kehoe,Music,406
384,Griff,Rudge,Baby,4831
385,Baillie,MacMenamin,Tools,7490
386,Cristal,Fayerbrother,Health,5591
387,Leena,Fallis,Health,7889
388,Hayden,Dealy,Music,2788
389,Boote,Calladine,Tools,9122
390,Shelley,Banasevich,Baby,3893
391,Cherye,Charge,Jewelery,6407
392,Dall,Cheng,Outdoors,9140
393,Dewain,Trytsman,Outdoors,9471
394,Lindsay,Poltone,Industrial,220
395,Milly,Paine,Jewelery,8655
396,Omero,Hainge,Games,7474
397,Anatollo,McCrohon,Sports,5586
398,Sibylla,Ruppeli,Movies,8828
399,Leta,Waudby,Electronics,9321
400,Reeba,Ducarne,Grocery,3669
401,Annabela,Loveguard,Home,1883
402,Dodi,Delacroix,Books,4038
403,Richmound,Woolacott,Jewelery,1212
404,Joly,Liger,Kids,5945
405,Randene,Veart,Beauty,6273
406,Zola,Hyatt,Garden,5743
407,Adolphus,Fass,Automotive,3039
408,Vanni,O' Markey,Sports,259
409,Darell,Lambarth,Books,1726
410,Wren,Orr,Kids,8757
411,Fredric,Budden,Outdoors,4050
412,Tersina,Awty,Jewelery,255
413,Kellen,Rubin,Home,3008
414,Temp,Coulthard,Books,1430
415,Emmery,McGeouch,Computers,563
416,Joey,Mattei,Beauty,5227
417,Oren,Scamadine,Jewelery,5872
418,Sandy,Swansborough,Beauty,629
419,Averyl,Bitchener,Books,1113
420,Sandra,Reilinger,Sports,8358
421,Waverley,Mathy,Garden,7394
422,Patricio,Bould,Sports,515
423,Anne-corinne,Payze,Sports,1706
424,Madelene,Tenaunt,Computers,6218
425,Alexei,Sidey,Industrial,8139
426,Charissa,Tutchener,Music,721
427,Kristyn,Landrick,Home,6131
428,Yolane,Tyre,Computers,1031
429,Emmye,Siehard,Movies,9145
430,Bobinette,Sellner,Baby,4491
431,Wolfy,Emmer,Outdoors,9712
432,Damien,Verson,Beauty,7059
433,John,Brunt,Clothing,8566
434,Royal,Charsley,Tools,3015
435,Lombard,Rodgerson,Electronics,532
436,Quentin,Macias,Shoes,6440
437,Yolane,Davidou,Industrial,5483
438,Ronald,Van Saltsberg,Movies,9200
439,Gaby,Hillum,Sports,2266
440,Jordan,Longbone,Books,1796
441,Chrissie,Lansly,Books,5120
442,Welsh,Gensavage,Automotive,4567
443,Enoch,Matussov,Games,2247
444,Felita,Pizzey,Electronics,804
445,Dorri,Ferneley,Movies,2435
446,Luke,Starr,Industrial,4473
447,Rickert,Palke,Garden,2275
448,Wilmette,Curcher,Baby,9811
449,Gaile,Heck,Beauty,1608
450,Grover,Karus,Grocery,4328
451,Mellisent,Extill,Outdoors,747
452,Yasmin,Aslott,Health,6659
453,Kellby,Stenett,Beauty,3530
454,Kenna,Schurcke,Outdoors,3837
455,Wally,Headley,Games,6934
456,Tova,Fluck,Music,7800
457,Marj,Donaher,Computers,5540
458,Maurita,Lammerts,Sports,4668
459,Ashlin,Coolbear,Home,2642
460,Stacy,Rowlings,Kids,1524
461,Em,Tassell,Garden,5747
462,Joyan,Fardo,Automotive,9599
463,Rosemonde,Persey,Grocery,2041
464,Tracy,Dimnage,Baby,9040
465,Stafani,McTeer,Grocery,5818
466,Nestor,Stallen,Computers,7400
467,Marcella,Ricket,Automotive,5700
468,Jaymie,Kertess,Outdoors,4205
469,Natasha,Iwanczyk,Grocery,8605
470,Vivien,Brauninger,Sports,2128
471,Benedict,Bitten,Kids,8600
472,Cecelia,Coom,Kids,4027
473,Roxi,Spelling,Toys,9532
474,Glenn,Itzkov,Movies,4191
475,Barclay,Haruard,Books,6884
476,Man,Cocci,Toys,8413
477,Tanya,Gheeraert,Games,5223
478,Rosa,Demcik,Computers,9864
479,Carlotta,Houdmont,Industrial,7828
480,Egbert,Lougheed,Automotive,2030
481,Henrie,Packington,Tools,8318
482,Lorens,Vanshin,Automotive,6727
483,Dan,Firmin,Grocery,1637
484,Lynde,Pulbrook,Garden,7995
485,Brigitte,Juszczyk,Movies,144
486,Kathrine,Duggen,Sports,611
487,Stanleigh,Iacomettii,Toys,1942
488,Lock,Lambourne,Automotive,3144
489,Wade,Walkey,Games,5735
490,Ardys,Zeale,Industrial,4485
491,Baxy,Rotlauf,Shoes,9753
492,Elbertina,Kamall,Games,4494
493,Jeniece,Botterell,Kids,1590
494,Jodee,Jagielski,Shoes,2777
495,Wilhelmina,De Roberto,Movies,6010
496,Trumaine,Cadany,Tools,8430
497,Lambert,Marquot,Beauty,1562
498,Emmi,Cromer,Health,1384
499,Suzette,Speer,Automotive,483
500,Chadwick,Pretsel,Industrial,2523
501,Stanfield,MacGilmartin,Health,6256
502,Reinhold,Lindback,Garden,7695
503,Yelena,Lehr,Computers,9456
504,Hetty,Guillou,Health,4825
505,Dorothy,Ivel,Garden,5995
506,Jilly,Matthessen,Tools,9147
507,Dede,Pawel,Jewelery,6146
508,Jobyna,Alanbrooke,Toys,144
509,Koressa,Ripping,Electronics,6512
510,Adolphe,Murrill,Jewelery,8241
511,Barbara,Emanueli,Jewelery,9348
512,Constantino,Steel,Music,830
513,Ingaberg,Tandy,Toys,6519
514,Annette,McCallister,Garden,1822
515,Burl,Normabell,Computers,5908
516,Davina,Pischof,Shoes,5292
517,Beatrice,Bowley,Industrial,7841
518,Bibbye,Sidnell,Sports,4789
519,Celka,Elia,Grocery,9318
520,Bret,Worrall,Computers,488
521,Stern,Wilcocke,Home,2108
522,Malissa,Mifflin,Clothing,2662
523,Lacee,Brahams,Electronics,4388
524,Babette,Naisbit,Kids,997
525,Buddie,Lauga,Sports,2397
526,Putnem,Giovanardi,Shoes,4711
527,Hashim,Ades,Computers,7476
528,Rogers,Rothery,Sports,3157
529,Sissie,Evensden,Movies,8909
530,Letta,Iannazzi,Automotive,874
531,Darn,Veryard,Toys,542
532,Pier,Neasham,Health,1060
533,Irvin,Jaumet,Home,734
534,Neel,Lythgoe,Tools,1906
535,Cass,Gaisford,Clothing,1594
536,Aridatha,Rulten,Garden,5195
537,Giffer,Pinkett,Music,2473
538,Yoshiko,Pitford,Industrial,5137
539,Mady,Rainforth,Baby,5330
540,Balduin,Ridgedell,Automotive,9190
541,Georgette,Saker,Industrial,904
542,Cull,Littlemore,Automotive,5497
543,Genevra,Doelle,Health,734
544,Alta,Chatainier,Jewelery,6547
545,Modestine,Northcott,Clothing,120
546,Jennilee,Teeney,Grocery,5144
547,Claybourne,Gadault,Outdoors,3432
548,Lissie,Syalvester,Tools,1969
549,Vidovic,Merrien,Jewelery,5036
550,Bobine,Habbon,Baby,9788
551,Jarred,Sheridan,Baby,5134
552,Philipa,Menat,Music,5685
553,Malva,Kubista,Games,413
554,Duff,Yurocjkin,Tools,4045
555,Malorie,Markson,Garden,7840
556,Nil,Axelby,Home,5793
557,Malia,Wegenen,Games,3477
558,Woodman,Jaycox,Sports,9689
559,Kalinda,Steffan,Games,8155
560,Vaclav,Widdecombe,Health,3999
561,Sophronia,Hallgarth,Outdoors,4576
562,Filbert,Tatum,Shoes,2449
563,Lynnett,Donoghue,Grocery,768
564,Olive,Le Marchant,Garden,7451
565,Norton,Frudd,Home,1185
566,Linda,Mongain,Sports,5023
567,Demetri,Varley,Movies,5985
568,Nigel,Probbing,Industrial,4078
569,Phillida,Habeshaw,Kids,6415
570,Dilan,Tregust,Automotive,3162
571,Basile,Alliband,Clothing,2927
572,Malory,Learoyd,Toys,1099
573,Julianna,Dowman,Grocery,7602
574,Albert,Gerty,Kids,7454
575,Nikola,Gallaher,Grocery,1978
576,Ora,Skittles,Computers,9907
577,Agna,Cobello,Kids,5797
578,Beryl,Coppo,Music,9163
579,Spense,Melling,Books,6144
580,Chuck,Schulter,Beauty,1370
581,Pia,Forte,Music,1475
582,Aidan,MacFie,Automotive,8887
583,Rickey,Liddicoat,Shoes,4587
584,Ruddy,Labdon,Industrial,3038
585,Hannis,Spurrior,Books,4483
586,Caryn,Pumphreys,Beauty,4701
587,Baudoin,Leyband,Beauty,3496
588,Dur,Ketts,Kids,3369
589,Arv,Edward,Books,5661
590,Cece,MacKeever,Shoes,1244
591,Jaquelyn,Dickens,Baby,1300
592,Eldon,McCumesky,Sports,1430
593,Joycelin,Zorzenoni,Shoes,8065
594,Kellie,Zoppie,Games,1940
595,Elise,Longland,Kids,117
596,Mayer,Peatt,Kids,4075
597,Monti,Crawforth,Industrial,9439
598,Tina,Eagell,Baby,5946
599,Kellsie,Glyne,Tools,4043
600,Prudy,Parrin,Electronics,7723
601,Edyth,Lapree,Books,551
602,Linda,Drewett,Shoes,5007
603,Imojean,Wedlock,Home,9975
604,Amara,Godard,Grocery,3077
605,Hort,Lamberth,Toys,9164
606,Hagen,Betun,Shoes,7012
607,Pearle,Patriskson,Games,1409
608,Kathe,Stittle,Jewelery,5716
609,Daryl,Pentin,Outdoors,493
610,Jammie,Burhouse,Electronics,6285
611,Matthiew,Guitel,Movies,1164
612,Chelsea,Sighard,Home,1266
613,Wilona,Lanfranchi,Health,2837
614,Milo,Bugler,Movies,9366
615,Lu,Ruane,Beauty,5119
616,Chance,Hackin,Outdoors,1443
617,Sarene,Roskruge,Music,4018
618,Byron,Varker,Jewelery,8978
619,Riane,Turner,Industrial,2322
620,Garrick,Kew,Clothing,7690
621,Loren,Cannings,Toys,3769
622,Zorina,Haggarty,Clothing,183
623,Gladi,Wevell,Home,2900
624,Sonnie,Morad,Toys,5874
625,Clarinda,Glyde,Computers,4611
626,Nydia,Aitkin,Kids,9555
627,Sheeree,Casol,Baby,8147
628,Joane,Haggard,Jewelery,6087
629,Almeda,Tewkesberry,Grocery,7046
630,Pate,Duggan,Automotive,8835
631,Ame,Guwer,Baby,5120
632,Rosalind,Leather,Kids,2528
633,Byram,Bosward,Outdoors,5132
634,Hillier,Stucke,Electronics,4995
635,Joeann,Rangall,Beauty,9360
636,Nathalia,Greenway,Games,3926
637,Riki,Dwelley,Beauty,185
638,Anny,Cutts,Tools,1181
639,Alva,Rockliffe,Tools,2206
640,Nertie,Stansfield,Tools,8847
641,Rafi,Thackwray,Electronics,1096
642,Annamaria,Doncaster,Grocery,3767
643,Lyssa,Weare,Outdoors,168
644,Angelika,Struttman,Books,8382
645,Flinn,Whittington,Beauty,1167
646,Annabela,Veneur,Games,186
647,Maisey,Bauer,Beauty,9936
648,Margeaux,Fellow,Tools,4941
649,Arleta,Downs,Garden,3300
650,Lotte,Wallett,Baby,8456
651,Marcile,MacAlaster,Beauty,4678
652,Lavinie,Dawdary,Industrial,6159
653,Sergent,MacGuiness,Kids,6577
654,Maximilien,Jovis,Outdoors,8174
655,Stormi,Meatyard,Movies,3458
656,Justina,Ashburne,Kids,6815
657,Lucille,Arundel,Kids,9940
658,Vinny,Makin,Electronics,3541
659,Myrtia,Patzelt,Toys,6902
660,Clarita,Medland,Health,3573
661,Camella,Liepins,Garden,1781
662,Cherry,Thornham,Computers,9679
663,Danila,Sorsby,Kids,7345
664,Ron,McRae,Health,5040
665,Elva,Jakubowsky,Health,8845
666,Minor,Cartmael,Music,6009
667,Bambie,Fillon,Tools,6307
668,Selina,Trudgian,Books,6636
669,Pyotr,Peploe,Movies,5840
670,Raimundo,Irvine,Industrial,6619
671,Kelby,Jaine,Beauty,3872
672,Abra,Solloway,Beauty,9054
673,Halley,Ludvigsen,Garden,4733
674,Meggi,Scargle,Jewelery,4908
675,Liana,Cobley,Baby,8879
676,Arnuad,Lewing,Movies,3215
677,Traver,Harmour,Automotive,2653
678,Meyer,Tredgold,Computers,3914
679,Rollo,Coldham,Tools,5487
680,Marketa,Burr,Home,9436
681,Uta,Crookall,Movies,7837
682,Lorant,Smitheram,Electronics,6908
683,Papagena,Meynell,Beauty,3501
684,Ferdie,Corlett,Toys,5736
685,May,Dimic,Outdoors,691
686,Konrad,Jencey,Movies,4265
687,Amalea,Luetchford,Baby,7082
688,Eden,Clyburn,Industrial,5101
689,Alic,Rego,Grocery,3982
690,Maritsa,Hallstone,Books,1423
691,Jess,Poynor,Books,3177
692,Graig,Blamey,Beauty,2821
693,Ronni,Rassmann,Beauty,1356
694,Thoma,Slyne,Health,9050
695,Anderson,Lauridsen,Garden,9130
696,Tadd,Mouncher,Garden,4052
697,Luciana,Erlam,Automotive,6766
698,Pris,Ballchin,Music,2259
699,Michell,Taaffe,Music,6030
700,Brier,Lochrie,Beauty,3779
701,Thalia,Wolfenden,Garden,6368
702,Hillary,Jewel,Clothing,6787
703,Lavena,Aronson,Industrial,5792
704,Reuven,Cerith,Outdoors,3662
705,Kristofor,Scrymgeour,Garden,3326
706,Elene,Haukey,Computers,6521
707,Tomkin,Wicklin,Industrial,7394
708,Marty,Cavy,Outdoors,7272
709,Lynnet,Auckland,Kids,9116
710,Elle,Meffin,Books,9595
711,Cary,Marran,Grocery,3028
712,Dell,Morot,Home,9145
713,Elvyn,Mc Ilory,Books,1682
714,Antons,Basini-Gazzi,Outdoors,5987
715,Chaunce,Elnor,Electronics,7633
716,Ricky,Fellman,Computers,8606
717,Chilton,Penylton,Electronics,719
718,Em,Daniele,Shoes,7306
719,Boigie,Padbery,Grocery,5793
720,Dene,Botterill,Clothing,2326
721,Micki,Arnholdt,Beauty,9801
722,Sergei,Gwinnel,Beauty,1114
723,Garfield,Cottisford,Industrial,4676
724,Claiborn,Leeuwerink,Sports,8169
725,Loralie,Firks,Kids,4965
726,Verine,Gownge,Computers,8385
727,Leora,Elflain,Outdoors,7547
728,Tybalt,Selvester,Outdoors,3135
729,Merv,Bicheno,Baby,5852
730,Jo,Vint,Books,1541
731,Roze,Drewe,Health,630
732,Faydra,Gronav,Computers,9726
733,Salaidh,Vanelli,Games,4382
734,Daisey,Crommett,Automotive,4036
735,Elset,Gierardi,Automotive,5256
736,Ottilie,Chase,Automotive,8205
737,Billye,Poley,Beauty,6359
738,Mag,Greenrde,Jewelery,2868
739,Camella,Earsman,Jewelery,9686
740,Mozelle,Stoyle,Kids,3316
741,Giraud,Eades,Electronics,305
742,Amalita,Vanyarkin,Books,9164
743,Broderic,Calven,Games,3290
744,Malissa,Drysdell,Books,8820
745,Mandy,Callam,Jewelery,8937
746,Dorotea,Dene,Games,9161
747,Ritchie,Mularkey,Jewelery,1817
748,Antony,Tedorenko,Music,9835
749,Allie,Hubatsch,Electronics,6387
750,Fonz,Gohn,Sports,8581
751,Janeczka,Greveson,Automotive,8090
752,Patrick,Dulinty,Outdoors,3292
753,Niall,Nemchinov,Games,8241
754,Eden,Reditt,Beauty,9907
755,Emmalynn,Chorlton,Industrial,9310
756,Sib,Goozee,Automotive,7408
757,Valeria,Staves,Shoes,7038
758,Tirrell,Killelea,Jewelery,4401
759,Hagan,Threlfall,Electronics,4530
760,Ermanno,Humbatch,Clothing,456
761,Kingsly,Blampy,Garden,4784
762,Tristan,Peterkin,Clothing,1707
763,Katheryn,Sharp,Music,6476
764,Zelma,Waddilow,Outdoors,4718
765,Bethany,Worsalls,Health,5101
766,Nicolais,Lambart,Books,3666
767,Roscoe,Fishly,Books,9698
768,Laureen,Lowton,Electronics,6789
769,Henka,Hulme,Computers,5424
770,Bayard,O'Canavan,Health,4290
771,Hana,Doughill,Garden,3883
772,Fan,Sheraton,Sports,7008
773,Sari,Priestnall,Books,2601
774,Devon,Velasquez,Toys,1510
775,Isabella,Petche,Computers,578
776,Koren,Atkyns,Jewelery,6794
777,Natalie,Jost,Movies,8843
778,Bathsheba,Kain,Kids,4644
779,Cora,Dougher,Industrial,3315
780,Hurleigh,Shermore,Health,8889
781,Catharina,Chippindall,Clothing,4022
782,Adolphus,Lighton,Clothing,4584
783,Tymon,Franzonello,Health,6297
784,Enrico,Brennans,Kids,3588
785,Doreen,Amoore,Clothing,4910
786,Teodoro,Clausius,Games,4059
787,Glenden,Organ,Jewelery,8642
788,Melanie,McNamara,Industrial,7397
789,Gabbey,Heister,Beauty,5303
790,Doris,Allflatt,Automotive,4532
791,Marsh,Cornock,Toys,1255
792,Brewer,Brettoner,Shoes,3408
793,Hoebart,Kondrat,Movies,2296
794,Ty,Stoate,Outdoors,1030
795,Sloane,Harridge,Tools,1112
796,Laurens,Ord,Shoes,6967
797,Morgan,Parnall,Clothing,4887
798,Velvet,Ruler,Games,9249
799,Nestor,Leader,Clothing,8467
800,Carroll,Saldler,Toys,4650
801,Rick,Ghilks,Shoes,2951
802,Eustace,Duffrie,Games,1983
803,Bevin,Rash,Beauty,5256
804,Prudence,Jockle,Tools,3173
805,Denise,Millican,Shoes,2360
806,Clarabelle,Rolstone,Industrial,7857
807,Rusty,Goldston,Computers,8581
808,Celinda,Fedorski,Health,4347
809,Farrand,Sarjent,Home,4516
810,Raleigh,Rumke,Music,6143
811,Domenico,Kiellor,Kids,6406
812,Miriam,Banat,Shoes,6827
813,Leigh,Lindenman,Outdoors,4933
814,Kelcey,Kimbrough,Grocery,5254
815,Thomasa,Widdows,Sports,7223
816,Anjanette,Sweetsur,Automotive,3596
817,Antonia,Hanselmann,Automotive,1706
818,Ira,Tonry,Shoes,2578
819,Maurizia,Slorance,Kids,8288
820,Sheilah,Mephan,Music,5209
821,Nikolia,Moukes,Movies,2539
822,Ben,Brabbins,Automotive,2600
823,Ravid,Powner,Baby,2456
824,Fanchette,Cave,Movies,3291
825,Emmott,Mallindine,Grocery,1972
826,Lovell,Foggo,Computers,6261
827,Tabbatha,Thresher,Computers,5487
828,Sheree,Saines,Grocery,6711
829,Ker,Durram,Garden,3356
830,Shurlocke,Amburgy,Kids,9087
831,Humfrid,Raistrick,Sports,6932
832,Caron,Duckham,Garden,3738
833,Adora,Duer,Sports,686
834,Zorine,Barz,Clothing,442
835,Kelsey,Gyde,Garden,7665
836,Georgia,Coneybeer,Home,7280
837,Ruthann,Canby,Shoes,2026
838,Livvie,Bebb,Grocery,5195
839,Ado,Buncher,Kids,5295
840,Karlie,Dobrowolny,Games,2881
841,Shellie,Portlock,Automotive,6145
842,Giulietta,Wardley,Jewelery,9742
843,Lilia,Maas,Computers,3552
844,Gerry,Ridsdale,Tools,1364
845,Alla,Durant,Games,1455
846,Mae,Daniell,Health,3687
847,Wolfie,Chritchley,Outdoors,2760
848,Klarrisa,California,Books,8695
849,Caitrin,Cadwaladr,Outdoors,8072
850,Nat,MacKain,Health,4961
851,Kevina,Dykins,Grocery,8503
852,Ignace,Walliker,Music,1048
853,Bryanty,Rottger,Garden,9846
854,Murdock,Tweddle,Garden,9840
855,Stafani,Greenhill,Electronics,7893
856,Sharia,Goodhew,Grocery,8323
857,Marmaduke,Bezley,Kids,6245
858,Gunner,Elderbrant,Tools,659
859,Maxie,Simonard,Automotive,8840
860,Kingsley,Grain,Games,8709
861,Luce,Wilcock,Movies,3065
862,Jaimie,Maddock,Clothing,7759
863,Franz,Scrine,Grocery,6045
864,Evelyn,Osboldstone,Toys,4273
865,Livvyy,Beric,Garden,8499
866,Sioux,Skydall,Beauty,6939
867,Corbie,Gewer,Grocery,7598
868,Leese,Rabbatts,Jewelery,4738
869,Iorgos,Pittson,Beauty,5050
870,Latrina,Labitt,Health,3952
871,Skipton,Tolliday,Grocery,9357
872,Cirillo,Averay,Home,2398
873,Ellie,Mawd,Grocery,9656
874,Alair,Fison,Outdoors,9536
875,Caitlin,Ace,Computers,2465
876,Borg,Frift,Garden,1531
877,Chickie,Grieves,Beauty,9957
878,Darcee,Dalrymple,Tools,1113
879,Amos,Breed,Industrial,1263
880,Chilton,Antonik,Shoes,7141
881,Yolane,Laffoley-Lane,Automotive,5002
882,Marve,Sowrey,Automotive,6436
883,Gilberto,Baline,Computers,7039
884,Mirna,Standering,Toys,2183
885,Stephanie,Valentin,Books,5461
886,Angelique,Gabbot,Movies,7466
887,Carine,Berens,Music,1050
888,Lorettalorna,Mc Menamin,Games,8933
889,Alyss,Ranby,Home,9377
890,Christyna,Fallowes,Kids,7654
891,Ian,Noor,Health,1766
892,Elijah,Fant,Grocery,7530
893,Rana,Hairesnape,Games,5982
894,Karissa,Cheves,Computers,1497
895,Linnet,Sweetlove,Books,4193
896,Raquel,Duffell,Computers,6050
897,Oliver,Ginsie,Electronics,6856
898,Trudie,Gullifant,Grocery,4887
899,Palmer,McKeaney,Kids,1516
900,Simone,Trusse,Health,4184
901,Frants,Oxton,Clothing,6330
902,Vern,Renison,Movies,4750
903,Myca,Issacov,Garden,4654
904,Bill,Lorinez,Games,4896
905,Jennette,Cabell,Shoes,2315
906,Odelia,Corradi,Computers,2231
907,Lucias,Greatbatch,Garden,3989
908,Elijah,Bransby,Shoes,3069
909,Oran,Dumphries,Health,8118
910,Carmencita,Spelman,Jewelery,6656
911,Tailor,Verbeek,Health,7837
912,Rupert,Paskell,Outdoors,1049
913,Marjy,Janiak,Baby,5700
914,Rahel,Beames,Grocery,121
915,Nolan,Di Ruggiero,Music,3588
916,Garrard,Faithorn,Books,3341
917,Urban,Gotter,Beauty,9566
918,Nancee,Horsburgh,Tools,3951
919,Cornell,Darley,Tools,7111
920,Andie,Allchorn,Outdoors,3539
921,Hillie,Genders,Clothing,9609
922,Teddie,Jotham,Home,1477
923,Nehemiah,Whiten,Outdoors,2608
924,Berk,Kinloch,Clothing,7230
925,Bonnie,McNirlin,Beauty,7348
926,Cati,Bedson,Kids,5745
927,Matthew,McCloud,Health,1541
928,Hillary,Robker,Toys,7249
929,Boonie,Clemow,Baby,3368
930,Bria,Feldbrin,Movies,9073
931,Edmund,Baudinot,Automotive,1461
932,Barbette,Fernanando,Home,105
933,Florie,Pancast,Garden,6240
934,Kippy,Kubelka,Industrial,1823
935,Barris,Polfer,Home,8981
936,Lelah,Pashan,Games,869
937,Feliks,Mioni,Garden,1190
938,Benedetto,Ivanyushkin,Music,3801
939,Welbie,Birnie,Grocery,2496
940,Cori,Olle,Baby,5197
941,Marigold,Szymanowski,Home,2036
942,Daniel,Sussems,Baby,3363
943,Frederich,Kippen,Beauty,3680
944,Denys,Janko,Computers,7123
945,Man,Charrington,Shoes,727
946,Inez,South,Beauty,535
947,Aaren,L'Episcopi,Games,754
948,Emile,Carnson,Outdoors,8633
949,Raoul,Giovannacc@i,Kids,7239
950,Ophelia,Pritchitt,Grocery,8333
951,Mahalia,Demsey,Grocery,3502
952,Magdalen,Wankling,Shoes,5947
953,Megen,MacGiany,Shoes,4694
954,Aubry,Faireclough,Toys,8343
955,Royce,Furzey,Toys,6388
956,Derrik,Shackleford,Health,3979
957,Wit,Goch,Electronics,5448
958,Bartholomeo,Matthiae,Outdoors,6612
959,Katusha,Albon,Games,9998
960,Boyd,Findlay,Computers,2025
961,Obidiah,Addekin,Electronics,3821
962,Esmaria,Roggeman,Books,1203
963,Francine,Dyte,Garden,6494
964,Darby,Marshallsay,Jewelery,9839
965,Vaclav,Jefferson,Games,2289
966,Moina,Ferrini,Home,5618
967,Bunny,Roath,Music,636
968,Annabel,Olivello,Grocery,3161
969,Linell,Colliford,Garden,1034
970,Trixy,Hazlehurst,Music,491
971,Dolorita,Foulds,Grocery,8359
972,Trixie,Schulkins,Shoes,3316
973,Oneida,Blackwood,Industrial,2061
974,Mallorie,Guy,Sports,6747
975,Birgit,Creelman,Tools,9125
976,Kameko,Cogley,Kids,4934
977,Clari,Fookes,Movies,6100
978,Katharyn,Jenkyn,Kids,1224
979,Kelby,Else,Tools,7084
980,Rufus,Southwood,Baby,6201
981,Norma,Cordier,Kids,3193
982,Emilio,Alp,Tools,4367
983,Aluino,Oppy,Kids,5428
984,Maurise,Niccols,Music,3532
985,Obie,Kopp,Garden,1946
986,Angelica,Selvester,Toys,2431
987,Micky,Fenna,Garden,9330
988,Phillipp,Twine,Jewelery,1119
989,Wernher,Yerborn,Beauty,2083
990,Adrianne,Heffer,Health,5512
991,Jackson,Edmans,Electronics,5519
992,Bessy,Swaisland,Computers,2276
993,Bron,Bernhardi,Shoes,1970
994,Rae,Frid,Outdoors,3933
995,Quintana,Pryell,Beauty,6073
996,Ardelle,Naisby,Computers,8308
997,Emiline,Krishtopaittis,Movies,2521
998,Hussein,Pritchett,Games,9167
999,Cinnamon,Ebbens,Automotive,7193
1000,Ebonee,Kopisch,Automotive,2792
