contract_id,company,contact,phone,contract_end
1,Rolfson Inc,Erica Slemming,633-840-5189,24/06/2023
2,"Krajcik, Kuphal and Bartell",Suzanna O'Shee,668-190-6224,07/01/2020
3,Kulas-Dooley,Chickie Maddrell,274-127-0610,06/01/2020
4,"Krajcik, Jacobson and Zulauf",Melissa Blindt,606-646-9569,24/05/2023
5,Parisian-Hoeger,Elizabet Jolliss,769-750-0726,24/08/2021
6,Hodkiewicz Inc,Lauritz Baude,931-411-2812,20/06/2023
7,Rau-Franecki,Terrence Shrimplin,968-893-1374,23/07/2024
8,Stiedemann-Wunsch,Donica Mosey,504-376-2686,16/10/2022
9,"Hackett, Friesen and Wintheiser",Farley Lerhinan,707-156-0453,15/10/2025
10,Hettinger Inc,Blair Masden,742-730-2263,22/03/2021
11,"Swift, Wyman and Schmidt",Hamnet Chapple,897-843-7007,04/06/2020
12,Torphy-Glover,Fredrick Espinay,744-892-0934,01/04/2023
13,Beier and Sons,Nannie Slite,490-990-9608,04/05/2022
14,"Haag, Grady and Osinski",Gabriele Austin,454-311-6736,17/12/2022
15,Pouros-Schmeler,Ervin Joriot,441-863-7689,07/06/2023
16,Stroman Group,Lynnelle Stabbins,256-140-4353,25/11/2020
17,Flatley LLC,Fanchette Eakle,794-132-7237,05/02/2024
18,Prosacco Group,Nanete Ludovico,988-611-4033,26/05/2023
19,D'Amore-Schmidt,Zuzana Conner,327-430-6365,03/12/2022
20,Kuphal-Schuppe,Genvieve Critchell,619-990-0805,03/12/2023
21,Mosciski-Schinner,Anjela Davidy,748-385-2915,25/05/2025
22,Rolfson-Renner,Aretha Morville,926-670-3740,27/12/2023
23,Goodwin and Sons,Dolf Spurdle,473-367-3404,25/06/2022
24,Labadie Inc,Simon Krout,115-530-3799,07/04/2021
25,Bednar-Lubowitz,Brynn Tafani,380-547-8905,25/10/2025
26,Leffler LLC,Dionne Cuffley,816-163-5605,14/03/2025
27,"Stracke, Kutch and Armstrong",Sal Cortez,321-348-8182,23/12/2022
28,Corwin Inc,Conway Gavrielli,444-872-0357,31/05/2025
29,Stoltenberg and Sons,Lawrence Minor,284-719-8105,07/08/2022
30,"Zieme, Sauer and Windler",Kincaid Lamey,578-946-6116,26/12/2021
31,Kuphal-Krajcik,Sharline Eggerton,999-121-7718,14/03/2023
32,Ebert Inc,Alvin Immer,831-471-5417,09/11/2022
33,Wuckert-Balistreri,Kristoffer MacRedmond,765-859-9090,25/01/2025
34,Frami-Paucek,Gisella Scudders,878-952-6928,03/01/2022
35,Jones Inc,Korella Ambrosetti,579-160-3061,06/08/2023
36,"Luettgen, Kris and Fadel",Jannel Kruszelnicki,487-263-0482,22/12/2020
37,"Strosin, Olson and Nader",Derrik Leeburne,854-371-6934,07/01/2020
38,"Larkin, Corwin and Dickens",Karen Colman,283-798-0170,25/03/2025
39,Dibbert Inc,Syman Finnes,680-202-0381,28/02/2020
40,Zboncak-Crona,Hedy Farragher,911-729-3898,03/11/2025
41,Ernser-Dibbert,Stevie Rogliero,773-853-1117,20/09/2023
42,Fay Group,Cash Pirrie,716-770-2641,27/04/2023
43,Gleason-Schiller,Anna-diana Capron,419-689-2729,06/11/2020
44,Wunsch-Durgan,Jan Chasmar,592-189-7136,24/10/2025
45,"Zieme, Beahan and Jerde",Ardeen Peasee,994-425-1092,29/04/2024
46,"Donnelly, Kling and Sipes",Kristan Petran,752-621-5395,20/12/2022
47,"Terry, White and Buckridge",Gustavus Bonnefin,815-725-6963,24/02/2020
48,Hintz-Gutmann,Odell Ring,347-552-8610,11/12/2025
49,Hermann Inc,Jamie Guyonneau,454-807-8256,01/11/2021
50,Padberg-Abbott,Beryl Marcos,712-194-9971,20/10/2024
51,Murray Group,Agneta Wainwright,632-404-0817,27/12/2023
52,"Stehr, Strosin and Mayert",Lindsy Treadgall,449-604-4567,23/10/2020
53,"Mohr, DuBuque and Kling",Leesa Metson,757-946-3948,22/10/2025
54,"Von, Harvey and Jaskolski",Wanda Thomann,453-517-3010,11/01/2021
55,Cummings-Kuphal,Rob Argont,933-312-9290,13/07/2021
56,"Schamberger, Mills and Yost",Gothart Langmead,380-515-8471,21/04/2021
57,"Waters, Larkin and Douglas",Linn Josovitz,118-660-6999,16/09/2025
58,Streich-Pagac,Jania Burdge,826-222-7720,29/06/2022
59,Champlin LLC,Edouard Jurczyk,282-511-8799,24/05/2025
60,Konopelski-Lueilwitz,Lexi Culross,460-135-5910,28/05/2023
61,Walsh-Lind,Doyle Becken,915-950-9991,05/01/2025
62,Greenholt-Smitham,Christi Gaukroger,451-414-6996,30/09/2025
63,"Beatty, Hoeger and Smitham",Papagena Salzburger,811-596-7379,01/03/2022
64,"Mayer, Bins and Littel",Leontyne Goode,526-438-6082,14/05/2020
65,Wilkinson-Pouros,Sinclare Lombardo,220-859-2783,16/09/2024
66,Roob-Stark,Gerianna Buntin,972-792-1360,22/11/2020
67,Mertz-Kutch,Harvey Bench,356-369-4521,06/07/2021
68,Batz-Jaskolski,Sinclare Barford,151-252-5328,29/07/2020
69,Pagac Group,Milka Beddow,441-560-1227,17/08/2022
70,Bergstrom and Sons,Anatola Sweetzer,203-836-8560,02/01/2025
71,McClure Inc,Allene Haukey,121-861-3440,28/01/2025
72,Hegmann and Sons,Ellyn Felton,678-441-2928,09/09/2022
73,Conn and Sons,Renate Fenning,951-318-9487,05/08/2024
74,"Friesen, Kuvalis and Schultz",Hermine Tollemache,438-249-2343,20/04/2020
75,Bosco and Sons,Eugene Ovise,796-158-9876,27/05/2021
76,Stokes-Bode,Wilmar Houseago,561-801-7755,24/07/2025
77,"Hammes, Hoeger and Steuber",Lila Thaim,209-815-2223,08/11/2023
78,"Cremin, Gusikowski and Hegmann",Tandie Pregel,437-495-4908,08/01/2022
79,Reilly LLC,Pattie Roney,312-956-1952,20/01/2023
80,"Wunsch, Schulist and Hoeger",Warren Bannard,153-584-0669,05/04/2023
81,Beatty-Lakin,Keen Johansen,524-742-6439,10/11/2022
82,Purdy and Sons,Sharline Farquar,676-972-5260,06/03/2025
83,"Runolfsdottir, Nader and Ferry",Janeen Oldroyd,518-855-4395,11/06/2022
84,Emmerich-Keebler,Bondie Jojic,381-400-4830,24/10/2023
85,Feest-Heller,Tarrance Montacute,222-140-7960,24/02/2021
86,Schiller LLC,Eduardo Sellan,381-618-9719,06/07/2023
87,Casper-Kassulke,Hatty Bertwistle,483-203-6722,20/10/2024
88,Baumbach-Barton,Teirtza Traynor,718-248-4243,12/07/2023
89,Streich-Gislason,Dedie Ughi,677-581-7957,10/09/2025
90,Torphy-Runolfsson,Sarge McElrea,582-710-2352,18/07/2021
91,Bartoletti Group,Norene Demsey,868-479-8031,11/07/2023
92,Hagenes and Sons,Dennie Rathe,956-869-1074,07/02/2024
93,Schroeder-Langosh,Tildi Walsh,391-284-0905,09/11/2024
94,Weber-Hilpert,Jaye Rodmell,806-446-5158,16/04/2020
95,"Wehner, Marvin and Stamm",Carleton Clotworthy,960-704-1832,08/01/2021
96,Ruecker-Kuhlman,Grayce Simmings,193-646-4265,13/01/2022
97,Turcotte and Sons,Natale Lowe,887-714-4230,13/02/2023
98,Gislason-Schneider,Iggie Lailey,592-815-2861,28/10/2023
99,Hane-Corwin,Blisse Vasyutichev,754-581-2774,16/04/2021
100,Conroy-Zulauf,Marysa Slowan,532-276-0599,13/10/2023
101,"Langosh, McDermott and Robel",Elton Dailly,140-162-7521,19/04/2024
102,"Walker, Bartell and Willms",Vito Attoe,361-703-5971,02/05/2022
103,"Brakus, Kirlin and Stehr",Idell Keable,673-453-5539,19/06/2025
104,Gerhold-Corkery,Leilah Crewes,597-525-6500,20/12/2023
105,"Klocko, Bogisich and Wilderman",Kirby Rops,796-255-9733,01/03/2024
106,Nolan-Dach,Teddie Lowdwell,241-344-6588,14/08/2020
107,"Dickens, Beer and Gibson",Frederick Ryles,194-135-2607,02/02/2023
108,"Harvey, Roob and Moore",Mohandas Oswell,402-347-6777,09/03/2023
109,Hagenes-McGlynn,Rhoda Safell,990-853-7085,26/07/2024
110,Collier-Effertz,Jarrod Breeze,597-749-5222,17/06/2024
111,Lueilwitz-Altenwerth,Rozelle Ector,829-210-5529,23/06/2023
112,Pouros-VonRueden,Major Onthank,357-482-6284,26/10/2022
113,Pollich Group,Evin Darracott,873-895-5230,17/05/2021
114,Tillman Inc,Chauncey Gorcke,832-431-7379,11/08/2021
115,"Gibson, Wisoky and Rogahn",Alie Driffill,421-598-7392,21/06/2025
116,"Ondricka, Zulauf and Blanda",Karlie Galley,626-279-4771,17/07/2021
117,"Torphy, Gerlach and Schiller",Tallie Woolfenden,518-992-5895,05/12/2022
118,"Murray, Schmitt and Abbott",Lazare Badgers,629-189-0997,08/02/2024
119,Boyle-Lubowitz,Maurie Gunby,780-536-0118,30/01/2023
120,"Wisozk, Schoen and Cummerata",Wynne Carnalan,899-542-7480,16/07/2023
121,"Upton, Nienow and Hoeger",Thea Lattimer,806-694-1037,15/12/2022
122,"Breitenberg, Connelly and Abshire",Poul Fishbourne,658-319-7913,04/02/2024
123,Hayes-Dicki,Elsa Redwing,379-476-9703,02/05/2021
124,"Doyle, Hane and Bogisich",Fraze Ramsbottom,104-398-6568,01/10/2025
125,Farrell LLC,Che Mabee,615-450-0984,17/08/2025
126,"Spinka, Berge and Mante",Vaughn Domleo,274-924-8521,26/08/2022
127,Walsh-Price,Lonnie Tabor,218-141-6628,20/01/2022
128,Littel-Leffler,Beverly Bartholat,907-884-5928,07/02/2020
129,"Wilkinson, Rippin and Rath",Juieta Newlands,712-917-6181,19/02/2023
130,D'Amore-Purdy,Skipton Briat,827-789-3196,08/12/2024
131,Ward-Maggio,Fanya Prigg,429-864-0572,06/10/2020
132,"Schumm, Gulgowski and Howe",Abbi Freyn,779-960-2310,08/02/2024
133,"Swift, Barton and Stamm",Gilberto Hacquel,514-498-9277,29/10/2023
134,Huel-Rogahn,Norry Gounot,457-473-6814,10/01/2021
135,Feil-Leannon,Kalil Jenkin,730-117-5855,06/01/2022
136,"Beer, Reynolds and Erdman",Kat Cradduck,858-770-5485,13/06/2025
137,Miller-Osinski,Shay O'Dooghaine,134-450-4117,02/02/2024
138,Crooks LLC,Patrica Emmanuel,361-192-8247,27/10/2025
139,Zieme-Tillman,Filbert Clementson,256-369-1222,09/05/2025
140,Heller LLC,Staffard Slipper,583-676-4279,18/04/2024
141,Padberg-Auer,Elsa Parratt,798-803-3575,14/03/2022
142,"Konopelski, Sipes and Stamm",Ches Ashworth,816-906-5262,07/05/2025
143,Jerde Inc,Quintus Seal,994-475-4638,15/09/2024
144,Lehner-Crooks,Heloise Ratie,601-945-0733,28/11/2023
145,"Franecki, Hirthe and Cruickshank",Glynn Kohnert,292-678-6124,28/05/2023
146,Kovacek Inc,Winnie Legonidec,522-159-4160,20/07/2022
147,Turcotte Inc,Massimiliano Gerrietz,426-578-3840,20/06/2023
148,Steuber-Moen,Ephraim Lunk,494-584-5234,22/02/2025
149,Stracke Inc,Artus Horsell,151-143-8105,06/07/2025
150,Collins Inc,Araldo Padmore,470-918-3087,02/01/2021
151,Mills-Marvin,Addie Olcot,111-207-5863,14/04/2020
152,Cronin-Runte,Phoebe Senten,662-764-8253,30/08/2021
153,Marvin LLC,Tanney Poynton,589-342-8059,31/03/2024
154,Spencer LLC,Farand Bullion,423-364-6962,05/04/2021
155,Ritchie-Hagenes,Cesare Hayto,596-862-9724,08/07/2021
156,Wilkinson-Ernser,Micah Glassford,933-645-1884,18/10/2021
157,"Sipes, Heidenreich and Denesik",Dud Lammiman,805-343-8997,09/10/2025
158,"Runolfsdottir, Durgan and Kub",Arley Ceresa,135-200-9027,12/07/2022
159,MacGyver-Morar,Wilmette Whytock,777-837-0051,13/11/2023
160,McGlynn and Sons,Bobbi Swaffer,408-869-9277,02/03/2020
161,Bashirian LLC,Annabela Nuttey,387-397-2489,20/12/2024
162,Herman-Schinner,Kelli Cantera,129-826-7070,03/09/2021
163,"Thiel, Mohr and Swift",Carly Clavey,637-786-9200,12/07/2021
164,Prosacco LLC,Ogdan Stagg,284-848-8868,31/08/2025
165,Hackett LLC,Aloisia Maxfield,982-312-8476,11/08/2025
166,Haley-Gutkowski,Sile Ellit,340-383-8430,20/08/2025
167,"Wilkinson, Dietrich and Pfeffer",Stephanie Carriage,583-882-4010,22/09/2024
168,Schneider Inc,Claire Sandeford,571-249-9672,07/10/2025
169,Leffler-Lynch,Teri Brunt,154-287-1033,23/01/2025
170,Kutch and Sons,Piper de Voiels,697-714-8265,02/11/2025
171,Boehm and Sons,Marian Domoney,933-861-9120,15/06/2025
172,"Gulgowski, Beahan and Nader",Thibaud Ronchetti,748-372-7295,05/11/2021
173,Powlowski-Ondricka,Kaye Sissons,663-338-2905,17/05/2020
174,Rowe and Sons,Violante Pappin,566-222-0378,25/04/2023
175,"Schmitt, Bartoletti and Bechtelar",Tiphany Strutt,280-616-5842,20/05/2021
176,"Erdman, Koepp and Watsica",Carroll Sancias,385-980-4430,17/02/2021
177,"Waelchi, Weissnat and Swaniawski",Major Devonish,652-713-1148,27/05/2024
178,Rodriguez Group,Lucho Chandler,757-630-0227,29/04/2020
179,Considine Inc,Dianne Dablin,912-931-7930,05/03/2025
180,"Buckridge, Rogahn and Kertzmann",Violante Ennor,215-317-4882,05/01/2020
181,Maggio Inc,Eugen Brokenshaw,116-126-1999,13/03/2023
182,"Bashirian, Olson and Wunsch",Christiano Franzolini,868-809-6059,12/03/2022
183,Pacocha-Sipes,Mahalia Boffey,345-390-5372,10/02/2023
184,Mueller-Fisher,Boyce Schwanden,176-685-7391,09/12/2020
185,Braun-Parisian,Dulcy Garred,781-885-4925,22/10/2021
186,Bernhard Group,Juliane Stratiff,200-335-0524,23/02/2021
187,Hoppe-Prohaska,Lev Cruft,463-909-6864,26/09/2021
188,"Breitenberg, Braun and Mann",Nealson Hamon,145-620-0612,18/07/2024
189,Moore-Gerlach,Orlan Gonzalvo,214-446-3746,22/04/2023
190,Wisoky-Goyette,Nerissa Gossage,348-731-1957,04/09/2020
191,Homenick Group,Joete Purdie,741-649-7696,22/05/2024
192,"Douglas, Skiles and Carroll",Gweneth Desquesnes,349-186-4494,31/05/2025
193,"Botsford, Waelchi and Bradtke",Lillis Fright,872-731-6123,20/09/2025
194,Morar Group,Cariotta Griffe,922-819-1999,09/09/2023
195,O'Conner Inc,Ilene MacGorley,871-399-5478,11/08/2024
196,"Halvorson, DuBuque and Grady",Tammi Llewelly,776-429-2713,03/04/2021
197,"Muller, Barrows and Jerde",Lyndell Elvin,703-497-9061,23/08/2022
198,Leffler and Sons,Emlen Thurley,162-272-2154,04/01/2024
199,Gusikowski LLC,Cord Boskell,938-277-7151,05/05/2025
200,McCullough-Kuphal,Darell Hempshall,465-601-8142,16/10/2021
201,Farrell Group,Aviva Rawstron,626-604-3036,02/08/2022
202,"Herzog, Bashirian and Hills",Caty Coles,959-444-3723,10/09/2024
203,Fritsch-Hegmann,Merilee Faltskog,782-894-1343,26/04/2025
204,Gutkowski-Upton,Cello Boughtwood,437-364-3852,09/06/2024
205,"Botsford, Fadel and Denesik",Randal Bartoszinski,503-853-7995,19/08/2020
206,Luettgen-Brakus,Valeria MacKimmie,900-676-9002,31/07/2020
207,"Romaguera, Veum and Koss",Sibyl Jenkyn,668-505-7726,24/02/2023
208,"Senger, Maggio and Leuschke",Finley Mannooch,229-968-0089,27/12/2021
209,"Jacobs, Hyatt and Jenkins",Skip Gilogly,130-761-1766,12/01/2021
210,"Romaguera, Paucek and Will",Aubrey Vaulkhard,727-174-4522,12/04/2025
211,Rath Inc,Maurise Umbert,765-890-9269,22/11/2020
212,"Torp, Lesch and Gutkowski",Franciska Stogill,506-767-1642,04/04/2021
213,Von LLC,Doria Scarr,921-105-1646,10/02/2025
214,"West, Boyer and Kihn",Mable Scase,584-996-5992,22/08/2024
215,Okuneva-Wolf,Nerte Arnaudin,363-253-3606,15/11/2024
216,Powlowski Inc,Dimitri Joppich,826-504-4815,21/01/2023
217,Gusikowski Group,Dorri Perell,473-982-2080,20/02/2021
218,"Langosh, Botsford and Zulauf",Gracia Tinmouth,490-524-6332,29/05/2022
219,"Kutch, Beatty and Smith",Mario De la Perrelle,531-473-2267,23/03/2024
220,"Becker, Shields and Gislason",Karin McLardie,589-810-5890,03/02/2020
221,Roberts LLC,Bernardina Cavill,427-437-4748,03/02/2023
222,Mraz-Spencer,Patrica Brandel,746-378-9385,24/12/2022
223,"Pfeffer, Cormier and Parker",Hill Moodie,498-867-6887,31/10/2021
224,Sauer Group,Elias Gelder,689-653-9343,16/12/2022
225,Jacobi Group,Rufus Finlason,344-152-1396,05/03/2021
226,Steuber Group,Tamiko Pettiward,727-239-7181,16/10/2020
227,Cremin-Gottlieb,Toddy Rowena,765-210-0114,29/03/2020
228,"Sawayn, Thiel and O'Connell",Shina Lockie,771-399-5273,08/09/2023
229,Ryan-Hahn,Genny De Vere,486-270-0696,24/12/2021
230,Mann LLC,Jeannine Wickham,344-945-1547,18/06/2020
231,Sanford-Wisoky,Rosemary Tellesson,931-987-7624,24/05/2021
232,Heathcote Group,Perceval Olligan,684-195-1767,10/07/2023
233,"Boehm, Beatty and Kilback",Lauren Conklin,841-851-3132,03/06/2022
234,Fritsch LLC,Shurlocke Garces,260-209-0989,10/01/2025
235,Osinski-Mayer,Katrine Poyser,353-254-4382,14/05/2020
236,"McClure, Kassulke and Legros",Doroteya Bartul,833-847-0445,13/12/2025
237,Goyette-Ebert,Allyce McGooch,851-589-5390,06/07/2025
238,Rau Group,Joete Phelips,635-898-8095,18/10/2024
239,Beier-Hoppe,Aurelea Tilly,334-164-1060,13/02/2022
240,"Kilback, Braun and Will",Madelaine Brand,745-879-1182,20/01/2024
241,Mraz Inc,Cathrine Drohane,276-411-6148,13/07/2025
242,Schaden-Pagac,Blayne Menendez,563-706-1264,30/03/2022
243,"Kuhic, Koelpin and Marquardt",Hestia Spooner,534-354-7416,14/01/2025
244,"Carroll, Kuhic and Heaney",Melissa Tagg,780-312-2767,03/11/2022
245,"Corwin, Blanda and Hauck",Zechariah Simek,607-113-2132,27/11/2020
246,"Kilback, Bogisich and Hermann",Delmore Ruperto,802-280-1408,27/10/2024
247,Denesik Group,Huntington Nathon,914-815-4853,12/02/2021
248,Bashirian Group,Tabor Doorly,924-744-9424,24/09/2024
249,"Jones, Stoltenberg and Koepp",Edd Waddington,127-450-7888,13/08/2020
250,Blick-Kirlin,Dallas Crab,494-658-3626,21/12/2024
251,"McCullough, Hilpert and Veum",Hobart Burds,455-226-4458,16/08/2021
252,Bernhard-Dooley,Norris Moyle,229-662-5859,01/01/2020
253,Mosciski and Sons,Chester Dissman,146-633-6432,26/01/2025
254,Watsica LLC,Dynah Mottini,321-185-2074,26/04/2022
255,Harris Inc,Annadiana Benbrick,173-510-8078,01/05/2024
256,"Kunze, Macejkovic and Gerlach",Jenni Devanny,590-744-1985,19/04/2023
257,Leffler-Wiegand,Aveline Kildale,202-837-6935,01/07/2022
258,Hoeger-Bauch,Ronald Noe,912-886-9053,18/12/2025
259,"Schimmel, Mertz and Kihn",Ondrea Middiff,939-192-1225,17/06/2023
260,"Kub, Turner and Bailey",Dan Buckingham,218-665-0983,13/03/2024
261,"Gutmann, Klein and Hettinger",Heida Van Zon,151-751-8498,19/05/2024
262,Hills-Boehm,Hetti Lestrange,201-342-7350,09/12/2020
263,Conroy-Turcotte,Ursuline Jahnig,254-904-8796,27/07/2020
264,Wyman-Smith,Ruprecht Pirouet,655-851-1283,10/04/2023
265,Homenick and Sons,Jamill Wanstall,471-321-5934,14/11/2022
266,Connelly LLC,Anastasia Willcott,523-843-6454,04/11/2020
267,Yundt and Sons,Jamaal Deinhard,629-567-6055,11/12/2023
268,"Jaskolski, Funk and Abshire",Sloan Minchinton,423-338-7970,30/06/2023
269,Mann-Maggio,Denna Odney,959-488-1792,19/09/2022
270,Streich LLC,Lindsay Wiles,872-217-9748,10/02/2022
271,"Will, Hirthe and Waelchi",Leta Sumers,926-188-9822,25/12/2025
272,Ankunding-Schultz,Celinda Morratt,297-562-1725,11/09/2025
273,"Abernathy, Runolfsdottir and Wiza",Gilberta Surr,497-698-2988,24/08/2022
274,Botsford and Sons,Dyane Pollington,371-471-3635,16/04/2023
275,"McCullough, Cremin and Marquardt",Rivy Quemby,175-196-1183,11/06/2020
276,Olson and Sons,Shell Styche,790-638-8574,25/08/2025
277,"Kirlin, Bashirian and Steuber",Merrill Hullock,521-250-5631,04/10/2020
278,Veum-King,Langston Quinion,371-561-1889,08/11/2020
279,Lakin-Barton,Junette Hakes,962-799-6724,10/12/2023
280,"Gutmann, Bayer and Berge",Colly Raccio,214-351-3774,20/05/2023
281,Ankunding and Sons,Marley Jannasch,795-750-4094,09/07/2021
282,Johnson-Bernhard,Mariejeanne Malicki,303-350-5774,21/08/2023
283,"Dooley, Streich and Moen",Clerkclaude Ashpole,836-896-0801,03/05/2025
284,Crist Group,Creighton Christophersen,933-891-5744,27/05/2020
285,"Wilkinson, Wisoky and Greenholt",Lemar Borg-Bartolo,836-579-8598,13/09/2020
286,"Erdman, Bergnaum and Sporer",Wally McCree,600-311-6878,15/10/2023
287,Brakus and Sons,Wilden Pedican,788-257-8985,08/06/2021
288,Kuhic Inc,Elly Pietrasik,191-930-8906,17/02/2021
289,"Runolfsson, Rowe and Ernser",Maris Scones,988-568-5397,07/12/2025
290,"Goldner, Gibson and Kreiger",Wilton Bruneton,524-700-1683,23/05/2023
291,"Jacobs, Bergnaum and Von",Travus Simonazzi,963-952-2104,14/06/2024
292,Conn-Hilll,Melanie Benda,677-313-8065,30/09/2021
293,Greenholt and Sons,Budd Soal,457-582-7792,28/12/2021
294,"Jacobs, Zemlak and Boyle",Raquela Elbourne,107-662-2951,10/04/2024
295,Legros-Bayer,Welch Lints,857-343-9778,11/09/2024
296,Cummerata-Windler,Corrie Klemt,710-934-0276,02/11/2024
297,Monahan-Ziemann,Joaquin Housin,147-104-4539,19/03/2024
298,"Kilback, Kuhlman and Roob",Clair Furze,776-581-2477,16/02/2021
299,"VonRueden, Terry and DuBuque",Starlin Wickett,184-647-8550,26/01/2021
300,"Smith, Kutch and Kirlin",Kizzie Stonier,708-428-8969,18/04/2022
301,Kunde-Marvin,Jenna Stears,580-696-4033,10/05/2023
302,Rosenbaum-Goldner,Birdie Jasiak,102-453-5755,02/12/2020
303,"O'Reilly, Borer and Senger",Thorin Hauxley,998-787-0271,22/10/2022
304,"Wilkinson, Schimmel and Windler",Tamma Pavlishchev,642-801-8948,28/02/2025
305,"Dibbert, Senger and Blanda",Gale Golsthorp,354-423-3683,16/06/2021
306,"Goodwin, Morar and Hegmann",Augustina Garroway,974-848-1707,01/01/2021
307,Hammes-Johnson,Kordula Lowde,167-516-4177,08/05/2020
308,"Hintz, Gerhold and Kuphal",Lexi Heeran,767-339-9767,02/02/2024
309,"Hessel, Ratke and Renner",Chancey Margeram,202-906-1003,24/11/2024
310,"Thiel, Gottlieb and Lowe",Tadeas Rosellini,401-725-4291,02/08/2024
311,Greenfelder-Wolff,Dorisa Twelftree,445-172-0540,10/08/2021
312,Bailey Group,Huntlee Avieson,248-332-6094,31/08/2020
313,Heidenreich and Sons,Jessalyn Wicken,709-291-1044,10/02/2021
314,Lind Inc,Kelley Kief,739-969-7621,21/07/2021
315,Schmidt Inc,Rosaline Sappy,786-950-5619,12/05/2024
316,Watsica and Sons,Allis Ixer,350-793-5579,21/11/2024
317,Dibbert-Eichmann,Rycca Kennelly,132-516-5400,12/01/2024
318,"Ebert, Witting and Beer",Estevan Hearsum,339-699-9106,19/01/2024
319,Runolfsson-Veum,Linnea Thandi,773-104-5552,12/09/2024
320,Herman-Hackett,Cointon Blindmann,529-668-8718,09/12/2023
321,Bashirian-Stokes,Marc Manoch,965-564-2394,20/12/2020
322,"Langosh, Hoppe and Heidenreich",Sheila Ciobutaru,127-116-5438,12/01/2022
323,Rice-Steuber,Alfreda Agett,552-741-0803,02/12/2020
324,Fritsch-Grant,Candice Hamstead,426-472-8460,19/08/2025
325,Gottlieb Group,Mackenzie Georgi,362-384-9568,07/11/2021
326,Mayert Inc,Valery Divill,162-808-9997,16/12/2022
327,O'Kon-Bradtke,Barbie Farbrother,859-277-7300,08/01/2023
328,"Welch, Hessel and Kautzer",Efren Galvin,281-549-2353,21/07/2020
329,Lockman LLC,Tracey Waadenburg,326-249-2878,27/09/2025
330,"Batz, Kling and Stamm",Lazare Lago,695-649-1586,10/01/2025
331,"Sawayn, Hermann and Sanford",Tessy Lawlie,360-996-9555,29/05/2022
332,Crooks Group,Gav Andor,715-319-0263,12/07/2024
333,Mraz-O'Kon,Lowrance Sivills,979-558-1427,18/11/2022
334,"Bernhard, Haag and Spencer",Neda Arnaldy,936-259-2134,21/02/2025
335,Braun-Wiza,Alain Handrahan,143-428-3661,11/12/2021
336,Breitenberg-Stoltenberg,Emmery Hobbing,874-538-5816,05/02/2023
337,Windler-Haag,Abigale Doxey,514-624-1707,01/06/2023
338,McClure-Wiza,Victoria Silburn,377-928-2502,27/10/2022
339,"Cormier, Effertz and Kuphal",Hermy Ramsbotham,189-243-8705,15/03/2022
340,Rippin-Koss,Eleanor Heyworth,508-688-5171,22/10/2024
341,Murphy Inc,Thekla Gonzalez,958-901-3936,16/03/2023
342,"Haag, Leuschke and Corkery",Erek Willarton,422-454-9035,10/02/2025
343,Schaden Group,Matilda McGeown,959-951-1998,26/03/2021
344,Ward-Bailey,Prentice Shilito,374-980-8127,08/02/2023
345,"Rau, Witting and Satterfield",Uriah Rowell,451-490-4903,03/12/2023
346,Donnelly LLC,Ede McDonough,735-390-5014,02/12/2023
347,"Bosco, Bogisich and Schmeler",Edie Hennemann,262-110-3660,08/08/2023
348,"Hoppe, Zboncak and Corkery",Artair Woollam,697-296-9079,04/11/2020
349,Prosacco Inc,Carissa Bubeer,218-616-7156,26/03/2023
350,Konopelski Group,Roxine McCurrie,552-834-4547,27/10/2024
351,Rutherford LLC,Haily Facchini,885-976-5743,07/12/2023
352,Hansen-McGlynn,Devin Mewhirter,142-781-5411,31/05/2022
353,Okuneva-Considine,Blane Sodory,660-176-7892,27/06/2020
354,Flatley Inc,Jada Strachan,481-171-9285,17/04/2020
355,Lang-Heaney,Rosella Evill,628-965-6950,05/05/2021
356,Okuneva-Kautzer,Winifred Billison,463-731-5863,10/07/2025
357,"Huels, Emmerich and O'Connell",Zelma Pagel,129-662-7053,07/04/2025
358,Paucek and Sons,Dannye Poat,808-586-8046,12/05/2025
359,Walker and Sons,Lynn Furphy,715-252-2384,15/05/2020
360,Jones Group,Rosalinda Borgne,697-809-2523,26/04/2023
361,"Brown, Turner and Lynch",Donnell Heijnen,386-799-4543,10/08/2021
362,"Ratke, Keeling and Wilderman",Archer Vittet,585-408-7860,22/11/2023
363,Brown Group,Freddie Asson,537-903-8603,05/04/2023
364,"Mueller, Kautzer and Zulauf",Vinnie Goulthorp,720-742-0193,25/04/2024
365,Volkman-Harris,Zora Straneo,855-803-4396,08/01/2024
366,Bosco Inc,Lindie Slayford,465-922-6203,01/07/2023
367,Bailey and Sons,Dory Sherrock,914-508-1201,07/10/2020
368,Mosciski Group,Danna Dominka,886-641-8648,30/03/2022
369,McCullough-Friesen,Zea Zamorano,100-611-6714,11/12/2024
370,Sipes Group,Jeniffer Ianni,636-661-6416,22/04/2025
371,"Lang, Deckow and Hettinger",Alvira Oakinfold,248-590-9365,11/10/2021
372,"Graham, Langworth and Hane",Jeannine Klimkovich,558-206-6402,26/03/2022
373,"Treutel, Sawayn and Watsica",Hettie Jewkes,136-674-3136,17/02/2023
374,Becker Inc,Lorrayne Lutwyche,451-317-0359,14/04/2023
375,Runolfsdottir-Klocko,Tybalt Sparling,230-275-3846,20/09/2023
376,"Runolfsson, Jaskolski and Kshlerin",Candida Tough,764-746-1222,14/03/2024
377,Green-Emmerich,Hebert Taig,999-223-1997,10/06/2022
378,McClure-Steuber,Alida Markie,349-998-5574,17/06/2025
379,Stiedemann-Ledner,Fonzie Godding,238-378-6575,31/03/2020
380,Ankunding-Langworth,Brandie Poutress,501-817-3168,08/03/2021
381,"Marvin, Gaylord and Kirlin",Sephira Gullick,398-875-2385,28/10/2025
382,Stracke-Huel,Nancee Flint,361-177-0149,23/06/2020
383,"Gutmann, Hahn and Haley",Shandee Gilhooley,713-893-2623,23/11/2025
384,Nikolaus Group,Braden Feitosa,859-587-5257,25/05/2025
385,Stokes-Eichmann,Rubina Juarez,383-744-6213,04/10/2020
386,Hilll-Bernhard,Kassia Sully,595-808-8808,22/08/2023
387,Kassulke and Sons,Vin Haggie,903-492-9386,15/01/2023
388,Jast-Zieme,Ryun Kyberd,936-661-1137,15/12/2024
389,Stiedemann-Wolf,Wilow Jantet,362-762-9482,29/06/2025
390,Bosco LLC,Hasheem Trounce,554-555-5166,06/04/2020
391,Schaden-Padberg,Clareta Biggs,338-820-4943,04/03/2020
392,Wilkinson Inc,Phyllys Delacourt,425-103-5112,27/02/2023
393,Conn and Sons,Stevy Richten,899-375-0078,26/04/2024
394,Legros LLC,Lucius Halden,518-907-2362,26/10/2024
395,Lynch-Stiedemann,Minor Dalli,408-891-0356,05/11/2024
396,Marvin and Sons,Coretta Botha,296-826-0899,09/10/2022
397,Grimes Inc,Marylou Cadwaladr,212-295-6699,15/04/2020
398,"Volkman, Wolf and Gusikowski",Alisa Fuggle,397-882-6959,28/06/2023
399,Schaefer-Spencer,Debby Adel,119-121-9261,25/08/2023
400,"Gleason, Parker and Jacobi",Kermy Ainscough,705-956-8309,15/06/2020
401,"Trantow, Wintheiser and Bashirian",Daune Sisselot,267-103-7626,21/08/2021
402,Barton and Sons,Nick Wanka,207-531-3961,22/04/2020
403,Hessel LLC,Winnie Stanion,367-221-9454,31/08/2020
404,Rohan LLC,Daphne McTeggart,130-708-0186,13/06/2020
405,"Brekke, Will and Sanford",Casi Gartshore,170-166-9310,01/05/2021
406,"Dach, Hagenes and Toy",Nora Konzelmann,640-710-7836,08/06/2020
407,Romaguera-Abshire,Gisele Lardeur,474-206-1307,01/02/2022
408,Durgan-Stiedemann,Leonardo Tilne,826-323-5725,26/04/2020
409,Hauck-Brown,Lotta Doone,499-510-2931,29/12/2024
410,McLaughlin-Hartmann,Fowler Mingardo,446-768-7205,05/11/2023
411,Ward-Bode,Cherilyn Goulstone,702-559-5416,25/04/2021
412,Terry Group,Reilly Akester,161-951-0554,30/01/2025
413,Wisoky-Gislason,Novelia Zielinski,598-545-3007,01/10/2024
414,Windler-Wilderman,Morgen Letty,833-787-3864,17/08/2020
415,Muller and Sons,Dorotea Coe,229-827-9976,25/11/2023
416,Gutkowski-Bins,Elvira Rainsbury,452-495-0540,09/07/2024
417,Runolfsdottir-Zboncak,Cassius Goby,977-981-1243,21/12/2024
418,Block-Renner,Ulla Herion,624-823-0836,20/08/2024
419,Block-Reichel,Karry Ashpital,636-951-7080,17/01/2023
420,Stamm LLC,Lester Fosdike,602-239-5232,20/07/2025
421,Lueilwitz LLC,Lotti Chisholm,342-499-8164,05/08/2022
422,Russel-Deckow,Clemence Vedikhov,107-927-0129,13/04/2022
423,Watsica Inc,Thomasa Linebarger,356-433-7502,21/03/2023
424,Bogisich-Spinka,Eddi Lofts,265-674-8624,15/10/2024
425,Wilkinson Inc,Shanan MacMenamin,363-883-0363,01/07/2025
426,Fay and Sons,Jewelle Rowett,863-165-5019,08/08/2021
427,"Blanda, Medhurst and Leannon",Timotheus Frederick,476-439-7829,18/06/2022
428,Willms and Sons,Felizio Shepherdson,170-727-7229,15/02/2022
429,Cummings LLC,Bartholomeo Delamere,102-756-1895,06/04/2022
430,McClure and Sons,Colver Goodchild,292-308-4334,27/02/2025
431,Wehner-Rodriguez,Gabrila Pickthorne,304-970-7832,13/05/2022
432,"Hills, Olson and Pagac",Patrizia Cymper,441-567-6443,01/10/2023
433,Schiller-Murray,Koenraad Spencelayh,983-304-5708,27/03/2021
434,Kiehn Group,Rochella Thorouggood,564-756-3247,31/08/2024
435,Hartmann-Littel,Kenton Stelle,315-404-8409,09/03/2025
436,Erdman Inc,Vernice McPhee,977-793-1286,13/03/2023
437,Klocko and Sons,Lonny Raun,656-385-1087,08/01/2022
438,Emmerich-Russel,Maggi Bogie,805-868-9292,16/10/2020
439,"Becker, Haag and Dicki",Jeniffer Semarke,664-653-5091,23/06/2025
440,Koss-Fadel,Neill Boldra,338-806-8884,04/05/2022
441,Mayer-Homenick,Melina Hamprecht,390-473-8646,05/03/2023
442,"Runolfsson, Johnston and Davis",Ilaire Ollin,176-886-2349,24/06/2023
443,"Rolfson, Ziemann and Kling",Alastair Bottrell,789-254-7900,20/01/2021
444,"Kshlerin, Cremin and Abernathy",Herman Robatham,671-186-9045,03/04/2020
445,Abernathy and Sons,Britt Timmons,499-645-4290,19/02/2024
446,"Collins, Nitzsche and Lang",Hurley des Remedios,278-964-4225,06/04/2021
447,"Towne, Paucek and Mosciski",Lucinda Hebblethwaite,276-774-2126,06/05/2023
448,Ward Inc,Irvin Andrzejowski,482-173-8986,05/06/2021
449,"Hand, Lang and Brown",Meryl Getcliffe,471-481-8837,22/09/2022
450,Turner Inc,Fin Crystal,743-374-7118,18/08/2021
451,McDermott and Sons,Dean Seawell,391-841-6394,25/01/2022
452,Labadie LLC,Alexander Mattys,240-467-6288,05/02/2025
453,Kris-Brekke,Meghann Binge,338-611-7445,15/11/2020
454,Reilly-Larson,Phylys Maas,466-487-2432,21/03/2023
455,Torp and Sons,Patrizius Erskin,992-211-1242,18/11/2022
456,Heathcote Inc,Lynda Gaffney,830-667-5243,26/07/2022
457,Marquardt-Hickle,Jourdan Sein,794-817-5759,01/07/2025
458,Nicolas and Sons,Etti Swinyard,699-826-0890,19/11/2020
459,"Flatley, Heaney and Mann",Rollins Leil,603-695-1370,04/10/2023
460,"Borer, Littel and Ferry",Irvin Butner,977-857-0865,21/09/2023
461,Goldner-Bernhard,Cecile Tabram,767-528-5792,13/04/2022
462,Greenholt-Lind,Margarita Kynd,806-862-7264,30/10/2023
463,Boyer Group,Reine Shadfourth,773-590-1604,13/08/2025
464,Crona-Jakubowski,Reggis Folks,616-615-2762,24/10/2020
465,"Johnson, O'Connell and Rippin",Basilius Salerno,841-354-8896,01/07/2025
466,Daugherty-Schaefer,Chancey Shercliff,987-542-3577,17/01/2022
467,Beer-Zemlak,Ludwig Yokel,111-932-7955,22/02/2024
468,Swift LLC,Sherry Innes,809-971-1568,05/02/2022
469,Hirthe Inc,Tull Lockie,502-206-6315,17/12/2022
470,Hauck and Sons,Richardo Ambroisin,774-388-3821,17/01/2023
471,"Oberbrunner, Kohler and Heller",Candra Hawkeswood,320-757-6483,12/10/2020
472,Roob-Abernathy,Lyman Rome,109-525-0494,03/01/2025
473,O'Connell LLC,Theo Winsper,898-941-0443,07/09/2025
474,"Corkery, Kling and Nitzsche",Henrie Bunyard,594-721-6065,29/08/2020
475,Maggio-Predovic,Tyne Kitchingman,991-146-1950,28/06/2025
476,Schuster Inc,Hilary Waything,113-531-1974,18/01/2024
477,Morissette-Hoeger,Eleen Bennoe,616-957-3928,25/11/2020
478,Kuhic-Lueilwitz,Kayla Folland,156-844-3644,20/05/2024
479,Aufderhar-Kautzer,Lew Dormer,317-935-0394,13/04/2022
480,Pfeffer-Adams,Glynis Horsewood,874-713-4762,22/05/2022
481,Jacobson-Shields,Brittney Hirjak,738-736-3111,02/07/2025
482,"Kulas, Wilderman and Lubowitz",Rose Royce,757-513-7286,07/03/2020
483,Bode-Trantow,Gray Boutwell,330-566-8428,25/01/2023
484,Weber Inc,Danita Townes,441-728-6483,26/03/2024
485,"Collins, O'Connell and Hahn",Rodd Guswell,424-309-5380,03/06/2022
486,Feest-Harber,Andriette Januszewicz,549-243-5472,25/07/2022
487,Baumbach Group,Bale Mate,587-282-0587,18/11/2022
488,Thompson Inc,Paddie Searby,470-726-5163,06/09/2020
489,"Huel, Runte and Weissnat",Roderigo Stanworth,628-669-7834,28/10/2022
490,Turcotte LLC,Cristie Hanselmann,476-493-6998,09/12/2021
491,D'Amore LLC,Katya Mainds,827-888-9846,08/05/2025
492,Carter Inc,Norine Blackater,833-898-3002,03/08/2025
493,Orn-Mueller,Laney Scogings,912-455-4702,22/06/2020
494,Cormier Inc,Cariotta Cobson,833-836-5834,21/03/2021
495,Howe-Emmerich,Web Reedick,168-820-4692,03/12/2023
496,Turcotte Group,Martguerita Clive,217-463-3661,10/05/2020
497,Franecki-Zboncak,Joel Hull,914-534-1198,14/01/2021
498,Murazik-Jerde,Remy Hendrick,701-807-8774,12/04/2023
499,"Hahn, Tillman and Donnelly",Willow Wickey,801-707-4321,17/12/2025
500,Kuhn Group,Lyndell Elix,591-799-2626,17/11/2025
501,"Rogahn, Kemmer and Olson",Margo Bruckstein,660-165-2410,28/08/2023
502,"Dicki, Walker and Mosciski",Tommy Gladding,786-476-9658,06/05/2025
503,McLaughlin-O'Hara,Ulrick Chern,358-363-1625,27/03/2020
504,"Marvin, Russel and Weissnat",Morie Schuler,269-127-3758,26/01/2022
505,Senger and Sons,Suzi O' Loughran,176-602-2913,23/07/2025
506,"Erdman, Ritchie and Swaniawski",Shelden Fenck,504-198-1042,24/08/2024
507,Langworth-Pollich,Auroora Scrammage,758-935-5624,23/04/2021
508,Farrell-Beer,Leilah Cribbin,266-229-8369,21/09/2025
509,"Herman, Hand and Rempel",Paulita Hember,735-605-5574,10/11/2021
510,Padberg LLC,Artie Smitham,951-637-3334,30/10/2020
511,Raynor-Heaney,Aaren Rigler,338-188-6842,18/01/2022
512,Carroll LLC,Fairleigh Ivoshin,350-550-9617,15/12/2023
513,"Rippin, Marvin and Beer",Emory Dummett,900-222-6831,30/09/2020
514,Wunsch and Sons,Myer Rowlings,358-141-2073,09/01/2024
515,Blanda-Dibbert,Valaree Trahearn,763-217-5034,31/12/2021
516,Kuvalis-Walsh,Beverly Workes,943-872-8515,25/08/2021
517,"Douglas, Terry and Kilback",Gustav Cracknell,892-277-3412,15/01/2021
518,Fahey-Gorczany,Haleigh Breheny,585-295-5627,30/06/2022
519,Gulgowski Inc,Zacharie Leidl,949-414-0782,26/09/2021
520,"Kuhlman, West and McDermott",Taylor Feldmann,116-982-8989,12/04/2023
521,Sipes-Stiedemann,Flint Basler,956-505-9844,06/05/2024
522,Schuster LLC,Wolfy Van der Kruis,113-677-3525,27/01/2021
523,Bogisich Inc,Mareah Van Rembrandt,743-710-8744,30/08/2025
524,Parker Inc,Yves Lanchberry,101-303-2971,08/11/2024
525,"Kihn, Abshire and Homenick",Corinne Churn,518-397-5973,03/08/2021
526,West and Sons,Stella Walshe,548-843-6273,21/04/2023
527,Hills Group,Christyna Barkes,863-147-2938,14/11/2023
528,Reilly and Sons,Concordia Divall,327-943-2570,16/08/2022
529,Schuppe-Hudson,Kathleen Pettiford,789-936-7713,09/04/2022
530,"Hickle, Ferry and Bechtelar",Kameko Cooke,983-185-8836,21/05/2025
531,"Streich, Kertzmann and Champlin",Maighdiln Wyman,386-963-5111,08/04/2025
532,Rodriguez LLC,Mac Bolding,538-712-3128,11/06/2022
533,Paucek LLC,Merla Dy,587-706-1946,04/10/2021
534,Dickinson Inc,Berty Mairs,359-387-1104,11/09/2020
535,Auer and Sons,Clair Sercombe,872-781-9804,04/08/2023
536,Fritsch-Hermann,Justine Frost,716-701-3074,03/01/2021
537,Grimes Group,Dov Eatttok,160-897-4393,31/01/2021
538,Spinka LLC,Raye Heyworth,214-354-8799,28/05/2021
539,Ondricka-Erdman,Jacob Hundell,911-243-0992,29/07/2023
540,Welch LLC,Sydel Humbell,941-395-6350,17/11/2021
541,Kemmer Inc,Christal Scholte,198-329-8188,15/12/2021
542,"Sauer, Wilderman and Howe",Eadmund Pendell,911-926-2932,08/03/2022
543,Zulauf-Wuckert,Ania Leve,618-285-6659,03/04/2023
544,Halvorson Group,Valery Foffano,489-988-0406,22/09/2025
545,"Wiza, Mann and Carter",Darlleen Turvey,709-122-2239,22/10/2023
546,Smitham Inc,Stanislaus Amoss,714-383-2206,10/07/2023
547,Lind-Kris,Emmott Lowdeane,693-852-7830,13/02/2023
548,"Shields, Durgan and Conroy",Josephina Drakers,526-750-2679,27/08/2022
549,Greenholt and Sons,Ariel Filtness,736-968-1930,20/06/2023
550,"Rosenbaum, Herman and Kuhn",Kienan Bavidge,566-288-8524,03/10/2020
551,Cummerata-Corkery,Skell Lytle,939-194-0274,09/11/2024
552,Weissnat-Von,Martainn Curness,769-606-4677,07/04/2020
553,Lindgren-Schumm,Caroline Maginot,115-204-4078,26/06/2023
554,"Eichmann, Kreiger and Orn",Dedra Goldston,403-591-7018,20/05/2020
555,"Mueller, Botsford and Fay",Cesaro Friman,926-840-0849,06/07/2022
556,Skiles Group,Luelle Bus,553-326-9767,20/04/2023
557,VonRueden-Yost,Arabel Le Grove,861-407-5017,20/01/2020
558,"Leffler, Miller and Kris",Eddy Prinett,298-125-8622,21/02/2025
559,D'Amore-Emard,Mufi Kuban,407-579-3299,31/01/2021
560,Lakin-Watsica,Ivor Woodier,945-713-1446,13/10/2023
561,Klocko-Gutmann,Bobbye Hedge,816-908-1736,08/08/2024
562,Cassin-Konopelski,Hollyanne Winterbottom,815-958-4850,19/11/2025
563,Champlin and Sons,Augustina Macewan,398-543-6913,10/10/2021
564,Bergnaum-Grimes,Alic Barnson,462-801-3529,18/09/2025
565,Goyette-Pfannerstill,Ethel Shobrook,957-755-0421,03/11/2021
566,"Langosh, Ernser and Reichel",Natalie Wein,782-158-1267,10/03/2023
567,Ullrich Group,Jon Mc Gorley,225-630-7380,29/02/2020
568,Leannon Group,Jessalyn Kendall,815-827-5753,01/06/2023
569,Cassin-Weissnat,Jourdan Rennocks,224-195-9990,13/03/2022
570,Mante LLC,Cly Vicarey,766-798-7174,18/05/2022
571,"Brakus, Schmeler and Aufderhar",Maryellen Chalcot,614-233-2133,11/08/2021
572,"Rowe, Olson and O'Hara",Stephan Stidever,412-453-9712,21/10/2025
573,"Predovic, Funk and Mayer",Jamey Chevers,579-987-1874,04/01/2022
574,"Macejkovic, Koelpin and Volkman",Netti Gregon,391-426-0327,02/07/2024
575,Fisher-Skiles,Mick Nursey,521-131-1598,23/07/2023
576,"Simonis, Gutmann and Leuschke",Woodrow Crafter,265-199-2260,06/01/2024
577,Howe Group,Sharia Biesty,587-385-2636,01/09/2021
578,Osinski and Sons,Cherida Hayball,634-529-5432,12/12/2022
579,"Kiehn, Swift and Lubowitz",Malynda Lewer,448-177-5954,15/12/2024
580,Dietrich-Murazik,Jorey Blanchet,933-720-6649,06/01/2020
581,Rempel LLC,Debee Neilson,834-563-0896,20/05/2021
582,Wiegand and Sons,Carin MacVean,403-468-7910,16/12/2025
583,Hamill-Gutkowski,Tarrance Bence,739-826-5877,09/06/2025
584,Schinner Inc,Rhiamon Otson,805-890-7574,25/07/2025
585,Reilly-Stamm,Gretna Nutbean,382-328-2483,06/10/2022
586,Huel-Crooks,Seana Turone,820-750-9278,15/03/2024
587,Metz-Ward,Andrei Eyton,885-602-1322,05/01/2025
588,Swaniawski-Green,Chic Kenyon,623-306-2990,25/07/2025
589,Quitzon and Sons,Marcy Scardafield,342-523-6060,22/04/2023
590,West Inc,Rutter Oliva,877-134-1497,20/01/2020
591,Anderson LLC,Ezequiel Barrable,885-892-4208,07/11/2022
592,Brekke-Koepp,Dennie Ferrierio,571-422-9329,19/08/2020
593,"Hahn, Bosco and Rempel",Ileana Leckie,231-626-2291,22/08/2023
594,"Schoen, Medhurst and Feil",Skippy Ondrak,172-403-1973,18/06/2020
595,Tillman Group,Nevil Danilevich,807-731-0348,26/03/2024
596,Mante-Waters,Chevy McCandless,512-493-2083,24/10/2020
597,Durgan-Collier,Cammie Thairs,895-454-7842,31/08/2022
598,Borer-Fisher,Frayda Bloore,121-188-3972,17/07/2022
599,Keeling-Stark,Shurlocke Hatliffe,794-932-3233,30/07/2022
600,Mraz LLC,Phyllis Barke,618-603-9716,06/06/2021
601,Cassin-McLaughlin,Jennette Tobias,993-428-8365,15/03/2024
602,Aufderhar Inc,Cletus Lamblot,165-304-8684,10/01/2022
603,Fay-Barrows,Dorree Matheson,937-889-5700,11/11/2025
604,Barton LLC,Bennie Clapison,207-683-1957,11/06/2023
605,Rolfson-Kiehn,Inglebert Stapele,864-746-0682,10/10/2020
606,Schulist Inc,Norean Castello,949-530-9157,22/10/2020
607,"Gislason, Kautzer and Schamberger",Ellette Stigell,554-756-1666,07/10/2021
608,Keebler-Conn,Kelsey Figiovanni,834-177-7595,12/03/2020
609,Stroman and Sons,Zuzana Laborde,328-753-6431,11/10/2023
610,Keeling-Miller,Quinn Ellerman,477-886-7513,14/04/2023
611,Ward-Rowe,Rance Sayward,814-454-0518,21/06/2020
612,"Cremin, Schowalter and Wiegand",Dionis Backman,105-826-7450,05/11/2020
613,"Morissette, Reichel and Reilly",Jakob Jacson,193-522-3927,06/06/2023
614,Kuvalis-Langosh,Martelle Kittoe,960-355-6491,10/05/2023
615,Berge LLC,Darbie Nornasell,724-519-7078,14/03/2022
616,Upton-Hudson,Annelise Garci,413-995-7483,20/02/2023
617,Turcotte Group,Ange Deegan,927-111-9655,22/07/2024
618,"Goldner, Hyatt and Abshire",Tommy Cescot,961-607-1590,18/12/2021
619,"Ullrich, Will and Spinka",Laure Devil,778-846-9687,17/03/2021
620,Hills-Effertz,Kris Baldetti,625-206-5894,09/08/2023
621,Schultz-Hayes,Jaquelyn Hedworth,860-254-4380,04/01/2020
622,Gibson-Auer,Kristien Forsaith,178-315-6209,09/01/2023
623,Hartmann-Von,Zechariah Tarbin,859-175-4981,14/05/2022
624,Lesch-Reinger,Micaela Gavini,483-861-5025,26/09/2024
625,Gutmann and Sons,Lenka Bontein,355-919-8039,22/09/2024
626,"Nienow, Legros and Gibson",Ilaire McCulley,497-681-8192,13/08/2024
627,Gleason-Haley,Laverne Burton,869-241-5768,09/08/2022
628,D'Amore Inc,Perle Avory,771-452-4211,03/05/2020
629,"Fritsch, Gutkowski and Morar",Corry De Miranda,637-999-5543,07/01/2022
630,Mann Inc,Wye Chewter,864-705-5647,04/07/2021
631,"Mills, Klein and Welch",Bard Inchboard,166-873-7021,05/07/2023
632,"Miller, Beer and Cummings",Timmie Hadwen,826-141-1491,11/03/2025
633,Gibson-Kreiger,Cherilynn Dixon,897-399-7079,01/08/2023
634,"Lehner, Bahringer and Schmeler",Cirilo Riglesford,607-732-3033,12/03/2020
635,"Swaniawski, Beatty and Metz",Gretal Dowling,776-956-3161,08/09/2024
636,"Wintheiser, Renner and Feest",Ailbert Case,273-464-9969,28/01/2021
637,Carter Group,Roselin Moggan,845-812-0541,01/01/2025
638,Block-Marvin,Nicolis Goodsall,855-399-5535,21/04/2021
639,Schuster and Sons,Ab Bliben,101-712-7986,23/04/2020
640,"Fahey, Doyle and Kerluke",Cchaddie Sturgeon,242-958-5124,22/04/2023
641,Runolfsdottir LLC,Fletcher Lorenzetto,306-584-5546,24/03/2020
642,Dickinson-Purdy,Dani Kyffin,858-199-9213,31/05/2021
643,Leuschke Group,Jaclin Irvin,793-980-1381,21/02/2025
644,"Hilpert, Strosin and Lang",Arlie Muckersie,680-725-1396,30/11/2022
645,Wilkinson LLC,Hilary Dearnaley,201-288-8001,01/10/2022
646,McLaughlin-Kirlin,Jeremiah Gilderoy,855-615-1959,30/03/2025
647,Cronin and Sons,Merle de'-Ancy Willis,686-741-0012,08/11/2022
648,"Mitchell, Dach and Mills",Isiahi Nickolls,859-106-5728,08/12/2023
649,Mills LLC,Kennith Frankcombe,856-972-3081,21/10/2022
650,"Medhurst, Hessel and Grady",Amata Jurn,961-894-8368,31/03/2024
651,Lesch-Swift,Gerianne Braid,583-915-6285,11/04/2022
652,"Mosciski, Dicki and Feeney",Ginger Knowlys,103-444-2564,14/04/2023
653,"Nicolas, Leffler and Ruecker",Lev Ives,254-158-6223,06/06/2020
654,"Ankunding, Gislason and Cruickshank",Dacy Cool,130-236-1452,26/07/2025
655,"Mosciski, Flatley and Marquardt",Cordelia Youell,821-953-4440,02/08/2023
656,"Powlowski, Mraz and Rosenbaum",Killian Yelden,116-708-8510,09/05/2022
657,"D'Amore, Cassin and Jaskolski",Franky Nealy,434-370-8812,11/09/2025
658,Ondricka Inc,Jessalin Darragon,290-213-6323,28/05/2023
659,Frami-Kris,Ursulina Ewbank,800-122-2533,08/04/2021
660,Hauck-Littel,Merle Althorp,256-355-0483,20/04/2025
661,Denesik-Luettgen,Adan Claasen,821-249-0011,10/10/2021
662,Mayer Group,Calvin Annwyl,245-164-7682,15/10/2020
663,Balistreri-Raynor,Marja Lathleiff,891-419-7891,02/11/2024
664,Aufderhar LLC,Abie Zuker,245-411-2562,11/09/2022
665,"Durgan, Cummerata and Barrows",Lotta Checchetelli,601-172-7093,15/08/2024
666,Durgan-Keeling,Clarita Renneke,327-336-7692,22/08/2021
667,Rosenbaum LLC,Douglass Wilkes,281-557-0034,17/03/2023
668,"O'Connell, Hauck and Heller",Charlie Dorbin,628-221-8777,26/12/2020
669,"McClure, Denesik and Schmeler",Elisa Muncie,482-855-8842,10/05/2023
670,"Pagac, Jerde and Batz",Scarface Thatcher,975-671-7412,14/01/2024
671,"Barrows, Powlowski and Hills",Raina Hellwig,281-359-9523,25/02/2020
672,"Kerluke, Konopelski and Turcotte",Nicolina Manlow,365-198-3585,20/11/2020
673,"Sanford, Stamm and Douglas",Keefe Buddington,863-355-6841,09/06/2023
674,Kutch and Sons,Ollie Paulsson,240-394-3429,28/04/2023
675,Greenfelder-Ratke,Erv Pabel,771-435-1117,18/11/2025
676,Cartwright Inc,Christie Gremain,882-689-9689,26/04/2024
677,Schiller LLC,Jania Fowls,456-389-4853,24/03/2024
678,West Inc,Adina Pinner,809-991-0385,11/07/2022
679,Williamson-D'Amore,Alena Olander,996-132-8206,06/05/2020
680,Ullrich-Macejkovic,Helaine Kellet,352-933-0203,16/09/2021
681,"Roob, Bashirian and Paucek",Wenona Waywell,940-433-1922,01/04/2024
682,Shanahan-O'Hara,Galen Coste,931-241-6302,09/02/2021
683,"Reilly, Keeling and Wintheiser",Minni Jowett,838-607-7908,16/10/2022
684,Ziemann-Kuhn,Frankie Jurkiewicz,947-353-7730,30/03/2021
685,"Klocko, Heidenreich and White",Harlan Sommerfeld,584-631-4625,08/01/2022
686,Adams-O'Kon,Jaine Sell,584-389-7165,04/07/2020
687,Ward Inc,Drona Smethurst,568-548-6423,23/03/2021
688,"Bins, Lindgren and Crist",Linoel Dumberrill,615-673-8410,05/03/2022
689,"Veum, Johns and Murray",Staci Marxsen,801-275-7556,07/03/2021
690,Bergstrom LLC,Danna Luckham,931-438-0263,03/10/2025
691,Mante Group,Bernadine Scripture,431-555-2681,03/01/2020
692,"Simonis, Johns and Wintheiser",Marcellina Ainslee,589-350-2058,12/02/2024
693,Hagenes and Sons,Zonnya Roxburch,358-131-6151,18/05/2025
694,"Ratke, Kautzer and Keeling",Vita Ellif,780-922-7380,10/09/2023
695,Runolfsson-Yundt,Freida Smeeth,817-775-4982,22/11/2025
696,Labadie-Vandervort,Ardelle Glasscock,592-483-5894,13/01/2024
697,Mayert Group,Ronalda Nealy,401-416-9695,11/09/2025
698,"Weimann, D'Amore and Connelly",Baillie Bolton,946-526-1300,30/11/2024
699,Beahan-Douglas,Moina Lesurf,827-752-2432,28/09/2021
700,"Veum, Kshlerin and Stanton",Oran Kenna,171-997-5597,25/06/2021
701,Rempel LLC,Oliy Grogor,466-644-3314,03/07/2021
702,Schmitt-Bins,Lammond Sarvar,560-703-7396,06/04/2024
703,Rutherford-Ruecker,Walton Boreham,102-963-5974,09/01/2022
704,"Ritchie, Ward and Metz",Modesty Dyerson,188-138-4703,17/04/2022
705,"Windler, Kreiger and Smitham",Salaidh Hinchshaw,568-465-6084,19/09/2025
706,Miller Group,Hugues Itzhak,460-737-0544,01/08/2023
707,"Crist, Marquardt and Volkman",Misti Gurney,386-422-0729,14/03/2025
708,Pacocha-Herman,Connie Clemensen,167-192-3165,05/04/2021
709,Kutch LLC,Reiko Povall,875-978-7463,04/11/2024
710,"Kuvalis, Jacobson and Gislason",Stephen Josephy,621-476-3991,16/09/2023
711,D'Amore and Sons,Marylin Solland,914-208-9199,13/02/2020
712,Stroman-Mills,Loise Adenot,978-130-5168,29/05/2020
713,"Mueller, Windler and Goodwin",Jarrett Sommerton,586-290-0112,17/11/2022
714,Zieme-Stehr,Alberto Smead,789-967-3020,01/10/2022
715,"Pouros, Grady and Williamson",Piotr Howroyd,908-830-8942,30/09/2025
716,Ledner-Rosenbaum,Mose Hairsine,557-859-7239,27/08/2025
717,"Rogahn, Raynor and Daugherty",Lydia Gahagan,540-876-3743,23/04/2020
718,Wiegand-Reilly,Casey Mapston,714-538-9127,20/09/2023
719,"Robel, Vandervort and Effertz",Doy Skotcher,874-973-8228,22/10/2024
720,"Schinner, Sipes and Erdman",Virgil Grote,522-315-4927,20/03/2024
721,"Flatley, Langosh and Rolfson",Karina Gostridge,443-923-1748,16/11/2022
722,Davis Inc,Berti Puleston,322-728-1198,07/06/2024
723,"Zulauf, Leuschke and Bruen",Dagmar Doorly,853-880-2880,02/12/2020
724,Barrows Group,Rebekah Stute,684-735-8964,11/03/2025
725,"Bogisich, Frami and Hamill",Kimberli Godilington,379-526-6786,08/04/2021
726,"Hettinger, Cormier and Bayer",Paten Garza,107-619-8311,28/03/2020
727,Nolan Group,Nydia Ganniclifft,985-594-5895,18/08/2025
728,Reynolds-Tromp,Alyse Aulton,853-548-3769,28/01/2022
729,Bahringer-Homenick,Kylie Dunniom,909-933-5715,21/11/2024
730,Dickens-Hyatt,Jeri Behne,454-869-8372,18/03/2021
731,Kovacek Inc,Mohandis Fenemore,763-596-9266,20/02/2020
732,"Parker, Kemmer and Kulas",Aloisia Buxey,252-798-7876,08/12/2020
733,Windler-Hayes,Gretel Kellett,222-985-8861,15/10/2023
734,"Klein, Kub and Haley",Dusty Birchwood,447-867-5056,12/10/2023
735,Sawayn Inc,Tove Stango,673-675-8689,15/06/2025
736,"Schroeder, Hermiston and Macejkovic",Aland Albinson,198-570-4116,27/09/2024
737,"Streich, Murazik and Lesch",Elysee Curling,874-550-6309,24/10/2025
738,Franecki-Roob,Woodman Lorinez,759-540-5317,30/06/2024
739,Larson-Wilkinson,Eugenia Risom,548-842-0494,30/07/2025
740,Nicolas Inc,Gar Reidshaw,732-114-2296,29/03/2023
741,MacGyver Group,Ole Wellstood,645-364-1865,17/06/2023
742,Welch Group,Caye Woodley,947-769-8552,29/03/2024
743,Dibbert Group,Velma Winsome,824-445-5729,31/01/2021
744,"Altenwerth, Gerhold and Reichel",Stephie Reddick,882-615-0439,03/02/2022
745,Hackett-Kihn,Alisun Ayliff,656-337-6621,11/09/2024
746,Bednar-Collins,Aurlie Pretorius,237-911-0827,10/09/2025
747,"Metz, Moore and Kerluke",Tonia Fairchild,217-654-7809,14/10/2020
748,"Franecki, Hintz and Sanford",Neddie Sammes,760-699-5279,08/12/2020
749,"Cruickshank, Labadie and Goodwin",Neron Skoggings,791-669-9213,21/06/2020
750,"Champlin, Towne and Simonis",Joscelin Davydoch,113-949-2492,03/12/2023
751,Nader-Kling,Warden Baldrey,862-924-5594,22/11/2024
752,Conroy Group,Korney Chaplin,524-922-6086,18/10/2020
753,Tremblay-Cummerata,Clara McCool,247-951-2945,19/07/2025
754,"Trantow, Lang and Friesen",Alexandro Gatehouse,599-397-2192,02/09/2024
755,Hudson and Sons,Rosanne Worvell,814-385-8940,17/12/2021
756,"Goodwin, Hettinger and Funk",Cristal Makey,702-267-6362,24/12/2020
757,"Becker, Trantow and Rodriguez",Cherin Roadknight,472-650-0554,29/09/2022
758,Hansen Group,Jimmy Jopling,101-464-2428,26/04/2022
759,Dibbert LLC,Katerine Gallymore,616-722-8273,12/02/2021
760,"Kemmer, Konopelski and Schowalter",Zachery Stamper,661-867-5950,01/06/2021
761,Stamm-Johnson,Gottfried Tinner,576-431-1002,09/05/2021
762,Senger-Hand,Kippie Clery,356-362-1203,19/07/2022
763,Kuhn LLC,Tony Grutchfield,888-704-3992,22/03/2024
764,"Buckridge, Okuneva and O'Connell",Mariya Romer,909-799-3796,17/11/2023
765,Wuckert-Glover,Berny Doumenc,850-395-9288,06/02/2022
766,Goyette-Hahn,Broderick Puckinghorne,219-822-4970,27/09/2020
767,Bogan Inc,Alys Cartmill,677-852-9798,28/12/2023
768,Kirlin Inc,Garry Arnaldi,744-658-8147,30/03/2020
769,Dooley-Durgan,Aurelea Rewcassell,860-883-5781,04/06/2025
770,Spencer LLC,Meghann Bleythin,330-491-8409,25/10/2021
771,"Goodwin, Keeling and Schmitt",Abigael Inchboard,315-896-1594,18/07/2024
772,"Heller, Hauck and Ebert",Claudette Clover,790-170-3573,19/03/2024
773,Spencer Group,Layne Morrallee,531-629-1689,14/06/2020
774,"Zulauf, O'Keefe and Hauck",Mendie Calcutt,365-935-7712,05/04/2020
775,Doyle-Hansen,Rosmunda Whines,983-291-0579,11/10/2020
776,Treutel-Cruickshank,Willie Troyes,162-279-5044,25/04/2020
777,Hirthe-Hermann,Leonardo Beeckx,429-781-1585,02/07/2023
778,Weimann-Bogan,Edythe Skerritt,594-349-2311,29/12/2025
779,Turner-Stehr,Guillema Cullerne,402-151-8469,07/03/2020
780,Christiansen LLC,Rudolfo Leinweber,264-342-7180,09/01/2021
781,"Hermann, Smith and Treutel",Devlin Eslie,576-558-3331,09/08/2025
782,"Rutherford, Jacobs and Mills",Hilary Tubble,658-568-6801,22/07/2020
783,Larson and Sons,Dov Simison,322-510-9376,10/07/2020
784,"Stroman, Heidenreich and Rippin",Tybi McAneny,560-823-0859,14/02/2025
785,Auer-King,Brandyn Scritch,790-877-3047,03/10/2023
786,Goyette LLC,Gilberta Cubbin,512-580-2493,06/09/2025
787,Stehr LLC,Fawnia Sabbin,713-998-2997,13/02/2023
788,Mohr Inc,Rice Canada,374-503-1443,03/11/2023
789,Kuhic-Klocko,Carmencita Kilfeather,426-152-7405,14/05/2023
790,Ortiz LLC,Jethro Crayke,189-730-9068,15/06/2024
791,"Gleichner, Wehner and Williamson",Alta Hazelby,700-447-1470,14/11/2023
792,Klocko and Sons,Willetta Degoy,606-368-6964,12/01/2025
793,"Bergstrom, Rutherford and Labadie",Faustina Siddele,908-782-7246,05/11/2020
794,Carter-Tremblay,Iago Lindores,229-882-1524,24/05/2024
795,"Ledner, Schinner and Wuckert",Darya MacAllaster,813-795-8751,15/07/2021
796,Kuhlman Group,Ronnica Carncross,779-247-9113,01/05/2024
797,Schuppe-Koepp,Milzie Reagan,413-316-2035,15/06/2021
798,"Raynor, Schimmel and Strosin",Jordan Moorman,951-429-7408,08/01/2023
799,Kuhic-Hegmann,Patsy Strudwick,935-501-5976,09/08/2020
800,Larkin and Sons,Lianna Tithacott,606-139-5611,01/11/2025
801,Halvorson Group,Christye Anderson,692-958-3715,29/08/2020
802,"Parisian, Hilll and Walsh",Dex Bennie,493-510-8709,26/11/2021
803,McClure-Leannon,Tresa Pullin,448-542-2714,03/12/2024
804,Kautzer and Sons,Virge Lenin,770-447-3638,30/08/2023
805,Schmitt-Schmitt,Mikey Atcherley,282-896-1981,20/09/2024
806,Schaden LLC,Kara Denge,503-648-6751,17/07/2024
807,"Kreiger, Friesen and O'Reilly",Corene Stennard,792-998-1469,25/01/2025
808,"Sanford, Howell and Marquardt",Maximilianus Simonelli,872-235-1819,24/07/2023
809,Gutmann-Lehner,Bamby O'Dyvoie,303-473-3563,30/05/2024
810,Purdy LLC,Lorenzo Leacy,396-314-4833,25/10/2020
811,Casper Group,Farah Muckersie,285-725-6556,17/08/2022
812,Yost LLC,Carmela Wolver,113-568-4636,06/10/2020
813,Walsh LLC,Julie Birwhistle,334-126-8106,10/11/2020
814,Kiehn-Lueilwitz,Jena Bygreaves,284-533-4564,10/01/2021
815,Bailey and Sons,Megen Town,508-482-4331,02/08/2021
816,"Braun, Armstrong and Schmidt",Kaila Kidstoun,489-246-5169,01/03/2024
817,"Leannon, Sanford and Fadel",Gipsy Hanscomb,272-244-2992,18/03/2021
818,"Abshire, Denesik and McClure",Elyssa Skarr,897-162-0339,14/06/2021
819,"Donnelly, Lueilwitz and Dibbert",Bowie McAuliffe,562-407-2291,19/12/2024
820,Upton-Okuneva,Neale Linforth,792-440-0266,03/09/2020
821,Conroy Group,Forbes Twiddell,242-126-5484,16/10/2022
822,Sauer-Romaguera,Nedda Springer,812-667-9081,31/10/2020
823,Von LLC,Alie Sach,536-390-8440,12/06/2023
824,Hessel LLC,Rita Slobom,456-734-2741,02/10/2020
825,Turner and Sons,Lyndell Arens,614-731-8615,20/06/2022
826,Ward LLC,Corbie Roswarne,255-821-2206,27/10/2025
827,"Schinner, Champlin and Waelchi",Inge Geere,462-822-8668,04/07/2023
828,Emmerich LLC,Chelsae Uppett,731-814-5486,01/10/2021
829,Bernhard Group,Ilse Clineck,846-866-1012,19/04/2024
830,Kuvalis-Hackett,Aldus Wyant,227-104-7162,01/02/2025
831,Strosin LLC,Cairistiona Trowsdale,205-709-3528,27/09/2020
832,"Kling, Sanford and Balistreri",Goldarina Gammie,232-899-1574,27/10/2022
833,Mayer-Hackett,Anselma Dennerley,882-993-1467,28/10/2023
834,Beier Inc,Walliw Poge,664-715-4550,22/12/2025
835,"Lubowitz, O'Keefe and Cole",Shandee Jeacop,844-372-8748,25/10/2022
836,"Fadel, Terry and Jacobi",Jeannie Dabbes,107-959-7161,28/06/2020
837,Waelchi Group,Misti Flindall,631-821-4893,09/12/2025
838,Herzog and Sons,Malinda Campling,843-287-6469,17/02/2024
839,"Breitenberg, Jast and Mills",Otis McGrady,363-221-0811,30/03/2020
840,Tillman and Sons,Randee Bastable,430-149-7875,11/12/2022
841,"Bernier, Schmidt and Hettinger",Demetria Ortsmann,253-888-0742,10/10/2023
842,"Von, Harris and Pouros",Jonah Mizzen,701-288-8838,30/01/2021
843,Hettinger-Hilll,Merrilee Marmyon,549-723-6244,21/01/2023
844,Kassulke-Johns,Claresta Hamberstone,381-301-2794,24/05/2022
845,Purdy-Schaden,Ephrem Moyers,540-256-3902,04/06/2022
846,Effertz-Shanahan,Angelia Kennefick,890-178-5367,13/02/2020
847,Rutherford and Sons,Finley Crudgington,122-266-7557,11/06/2020
848,Spencer-Torphy,Moira Ocklin,588-859-7647,24/05/2025
849,Mann-O'Keefe,Nev Imesson,255-676-3468,09/07/2023
850,Towne and Sons,Selena Brownsall,958-634-1403,16/10/2025
851,Weimann-Hilll,Aldin McAdam,568-418-7545,02/08/2024
852,"Stoltenberg, Carter and Lemke",Dame Mobius,839-270-7129,01/04/2023
853,Dooley Group,Kayla Finey,383-771-7086,05/08/2021
854,Fisher-Kilback,Kristoffer Hardistry,821-345-4264,28/06/2025
855,Senger Inc,Solomon Swinburn,994-292-8535,29/09/2025
856,Effertz LLC,Hinze Mesias,858-931-6101,18/07/2023
857,Volkman-Hane,Ines Hemms,339-960-4468,18/10/2023
858,Champlin-Predovic,Tedmund Rayment,955-719-5814,20/11/2024
859,Hessel Group,Dido O'Hern,559-421-5828,13/03/2020
860,Schiller-Cruickshank,Brennen Saltern,837-965-5801,16/05/2024
861,Rempel LLC,Bonita Doree,961-534-7943,02/08/2022
862,"Ziemann, Hane and Daniel",Yolanda Udale,799-166-8612,14/10/2024
863,Smitham and Sons,Timmie Althrope,720-488-3655,09/09/2022
864,Cremin-Shields,Clarence Helder,328-950-3950,21/05/2023
865,Marquardt-Bashirian,Fidelity Fugere,521-387-8080,06/05/2020
866,"Bergnaum, Cronin and Rath",Wiatt Bursnoll,662-915-5007,09/03/2020
867,Gerhold-Beer,Alessandra Gini,399-833-7504,31/01/2023
868,"Langworth, Lang and Blanda",Deborah Livett,915-830-1289,24/05/2025
869,Dietrich-Bogan,Ninnetta Brabbins,196-222-7421,23/11/2021
870,Schoen Inc,Arnaldo Benesevich,532-930-8071,05/07/2025
871,"Morar, Nitzsche and Hand",Glendon Powys,409-300-6637,01/03/2024
872,Gerhold-Labadie,Barn Pretley,947-352-1721,01/10/2025
873,Batz Group,Curcio Bene,221-450-7701,04/08/2022
874,Bode-Connelly,Jeromy Kilminster,255-263-0778,25/03/2020
875,"Littel, Gutkowski and Goyette",Carline Poole,947-958-2838,29/08/2023
876,Kirlin Inc,Nelia Proby,812-226-6446,22/03/2024
877,Kuhlman Inc,Lesli Yushkov,206-958-9203,15/08/2025
878,Dooley-Kris,Putnem Shulem,170-371-4591,04/01/2022
879,"Schamberger, Block and Purdy",Joey Remmers,416-512-7687,18/08/2025
880,"Turner, Feest and Fadel",Burton Pett,811-414-4790,04/10/2025
881,Gerlach Group,Cara Soal,677-144-5844,04/12/2023
882,Bechtelar LLC,Fallon Dymond,350-465-7875,27/04/2024
883,Casper-Johnston,Randall Hubeaux,697-291-2698,07/01/2022
884,"Ernser, Kertzmann and Ziemann",Cy MacCallum,111-590-8656,10/07/2022
885,Rempel-Lubowitz,Dugald Tire,935-584-6668,15/11/2020
886,Corwin Inc,Aggy Curry,247-461-4912,23/06/2025
887,"Wiza, Schuppe and Gerhold",Mar Nowill,241-863-6896,04/09/2025
888,"Lueilwitz, Parker and Schaden",Cherilyn Acome,995-880-3958,05/09/2022
889,Corkery Group,Galvan Brigden,211-757-4403,03/01/2024
890,Reichel-Lubowitz,Peria Maingot,689-569-8599,16/06/2021
891,Hackett LLC,Silvia Rippingall,583-172-6177,23/02/2023
892,Farrell-Mertz,Marjorie Cantua,107-778-1418,19/05/2023
893,Strosin and Sons,Christy Klouz,458-677-9828,18/02/2023
894,Funk LLC,Marven Gladstone,217-580-4401,23/10/2021
895,Osinski Group,Hettie Goodwyn,587-369-5468,24/11/2021
896,Christiansen LLC,Etta Willishire,507-908-0462,26/11/2023
897,"Hyatt, Anderson and O'Connell",Chandal Staite,883-918-9461,20/09/2020
898,"Crooks, Carroll and Zieme",Herby Yoxall,202-631-8262,19/02/2025
899,Moore and Sons,Basia Drexel,473-185-4712,16/12/2022
900,Olson Group,Chester O'Bradden,546-263-7287,02/06/2025
901,"Murazik, Cummings and Mante",Nike Bellin,616-980-8092,12/06/2023
902,"Schuster, Legros and Shanahan",Lorelle Sewter,339-287-9339,01/04/2024
903,"Brakus, Shields and Hilpert",Phelia Bannister,865-902-0919,11/06/2025
904,Wisozk-Walsh,Benjamen Purchon,741-700-8478,21/09/2021
905,"Franecki, Christiansen and Predovic",Evangelin McDermot,943-528-9252,29/01/2022
906,Kuphal-Runolfsdottir,Wyn Abbati,335-194-1942,27/11/2020
907,"Lowe, Ruecker and MacGyver",Alejoa McNaught,316-384-9940,29/01/2025
908,Wiegand Group,Rustie Chart,851-307-7466,12/10/2021
909,"Grady, Doyle and Dare",Alma Weatherup,187-335-2529,11/07/2023
910,"Watsica, Emmerich and Stamm",Norrie Juett,887-416-2015,26/11/2025
911,Adams Group,Greer Craddock,704-128-9475,04/12/2022
912,"Goldner, Olson and Rutherford",Sharona Francescoccio,149-211-4109,05/01/2022
913,Nitzsche LLC,Faustina Ennew,623-609-8288,27/12/2023
914,"Frami, Zulauf and Schinner",Irvin Camier,705-335-9903,08/11/2022
915,Anderson-Wehner,Alleen Burchall,657-562-5839,06/01/2021
916,Rau-Effertz,Abramo Portam,189-669-6608,27/11/2023
917,Luettgen LLC,Iolanthe Bartrop,679-765-0644,17/03/2024
918,Johnson-Carter,Zsa zsa McElrea,532-756-5570,24/01/2020
919,Bartoletti Inc,Shara Hardan,623-361-8420,16/09/2020
920,Walter Inc,Mathian Skellion,970-794-7586,09/08/2020
921,Haag-Ebert,Lonni Dillingston,187-620-0890,17/02/2022
922,"Moen, Ullrich and Douglas",Nolan Stopforth,231-573-4867,19/02/2022
923,"Heathcote, Grimes and Bauch",Boothe Wickling,573-201-2293,10/11/2023
924,Bailey-Hickle,Hagan Westbury,716-122-8359,16/01/2021
925,"O'Conner, Hane and Cartwright",Courtney Mulvihill,501-952-6238,28/02/2022
926,"Mraz, Corkery and Shields",Gibby Espy,857-886-0180,07/10/2022
927,King Inc,Blondie Towl,610-520-4928,05/10/2020
928,Nader and Sons,Vivyanne Kix,241-214-6794,29/08/2024
929,"Breitenberg, Jerde and Carter",Codi Nono,616-288-7391,14/05/2024
930,Kassulke and Sons,North Hardie,421-306-5848,13/08/2021
931,"Daugherty, Trantow and Stokes",Alberta Turbern,320-171-5687,17/10/2024
932,"Kuhlman, Becker and Legros",Violette Rudderham,762-320-3901,20/06/2023
933,Green and Sons,Chrissie De Ortega,334-806-5799,17/09/2022
934,"Balistreri, Gislason and Purdy",Gerry Fawdrie,560-986-7398,05/03/2023
935,Fadel Inc,Lauralee Trathan,381-581-9246,29/09/2024
936,Robel-Ledner,Hamish Gammell,534-676-9348,27/09/2021
937,"Rempel, Lakin and Abbott",Leia Sweetmore,378-430-0238,23/01/2025
938,Nikolaus and Sons,Nester Fairhall,244-340-7066,11/12/2025
939,"Lang, Kilback and Champlin",Cass Pescud,952-129-5947,07/06/2022
940,Stamm-Block,Kellen Silbersak,631-497-3142,05/12/2022
941,Ledner Group,Joanne Ewens,208-937-4797,12/08/2023
942,"McGlynn, Lakin and Harber",Cherice Fosdyke,309-101-4210,14/03/2023
943,McClure LLC,Pet Esmonde,140-567-8550,13/06/2021
944,Ernser LLC,Flory Ortas,494-333-7025,08/06/2025
945,Lemke and Sons,Pearl Walkling,575-465-2257,31/03/2024
946,Schimmel Inc,Niles Heggie,847-413-0288,12/01/2020
947,"Nienow, Hills and Gulgowski",Danni Merkel,514-857-2537,23/03/2025
948,"Johns, Goyette and Crooks",Lonna Crannach,723-944-6866,01/04/2020
949,Lowe LLC,Darleen Speers,978-652-4145,01/02/2020
950,"Altenwerth, O'Connell and Volkman",Jeno Mountcastle,802-830-4493,22/06/2025
951,"Dicki, Nader and Bechtelar",Thorsten Caughey,189-177-5621,12/02/2021
952,"Weimann, Connelly and Oberbrunner",Tiertza Hasty,466-761-2271,06/09/2020
953,"Koss, Leuschke and Ferry",Ruthe Rozier,800-224-7351,18/11/2022
954,Sporer-Douglas,Ruby Barus,229-289-9732,01/09/2024
955,Thiel-Zieme,Chaim Menego,212-379-7119,07/09/2022
956,Sporer Inc,Chevy Dunckley,720-290-5341,22/12/2020
957,"Considine, Welch and Gleichner",Melosa Vala,452-352-1976,09/12/2020
958,Jerde Inc,Darrell Delucia,872-309-4263,13/09/2021
959,Ankunding Inc,Nathanil Secombe,437-676-0553,23/04/2021
960,Marks Inc,Beauregard Piscot,869-302-0306,02/01/2021
961,Bechtelar-Morar,Kathe Cruden,323-803-8946,19/12/2022
962,"Haag, Kuhlman and Bosco",Ken Hugk,442-755-1017,26/09/2025
963,Hartmann-Hane,Clint Rollason,896-542-4856,02/01/2021
964,Rohan-Koelpin,Mignon Weagener,607-151-3698,13/01/2021
965,"Hickle, Konopelski and Mann",Maisie Chalice,591-779-5805,13/12/2023
966,"Cronin, Leuschke and Howell",Janka Dowglass,624-413-4991,07/03/2021
967,Hagenes Inc,Basilio Savaage,948-505-4925,22/03/2020
968,"Mitchell, Brakus and Lindgren",Frankie Roloff,851-767-2295,20/05/2024
969,Terry-Block,Godiva Watters,792-186-8721,27/06/2021
970,Glover LLC,Kyle Belt,293-545-1210,30/06/2024
971,Abbott-Leannon,Delmore MacScherie,767-710-9765,24/01/2024
972,Wilderman-Ankunding,Louise Reinbach,208-526-7694,17/09/2020
973,Mante Group,Brianne Eliassen,144-986-0612,27/09/2021
974,Schmitt and Sons,Rosalynd Legister,926-314-8877,24/04/2020
975,Bartoletti-Wolff,Karlis Struss,598-550-5102,20/08/2021
976,Hodkiewicz-Leuschke,Wanids Innerstone,216-802-6151,17/03/2023
977,"Reynolds, Dickinson and Heaney",Florie Simonou,999-692-2676,23/10/2022
978,"Swift, Lubowitz and Nitzsche",Lanie Reeves,524-245-9279,20/02/2025
979,Bashirian-Schmitt,Gayle Stronge,639-725-2717,27/01/2021
980,Rutherford-Durgan,Sybilla Boulton,378-369-1719,05/09/2020
981,Corkery Group,Griswold Isham,763-324-4859,24/12/2021
982,"Bins, Torphy and Considine",Francene Klicher,557-254-5189,15/01/2021
983,Lang-Daniel,Dell Rendell,564-312-4828,05/12/2023
984,Reynolds and Sons,Baldwin Idill,546-985-6511,13/11/2021
985,"Koch, Nicolas and Krajcik",Joel Jeannet,336-719-4530,20/05/2025
986,Bode LLC,Heinrik O'Fihillie,939-817-9897,22/09/2020
987,"Franecki, Nienow and Hauck",Dara Claiton,695-647-8684,28/01/2021
988,Corkery and Sons,Penny Jakeman,351-795-4618,13/01/2021
989,Effertz and Sons,Gran Vondrach,384-936-8036,18/08/2022
990,Waelchi Inc,Carree Empleton,220-489-9272,28/07/2024
991,Gottlieb-Dibbert,Kimmie Broggetti,981-783-3070,25/07/2022
992,Davis-Purdy,Ode Dongate,699-733-4293,12/08/2022
993,"Schultz, Pfannerstill and Casper",Hazel Holson,117-808-5058,29/08/2020
994,"Ondricka, Schaefer and Willms",Collen Rushe,507-294-6659,18/09/2021
995,"Kshlerin, Gibson and Abbott",Veda Bezzant,145-930-4992,13/03/2022
996,Schneider Group,Javier Wyne,362-508-2370,14/03/2021
997,"Tillman, Hammes and Walter",Moss Hagstone,650-262-6570,17/04/2020
998,Schroeder Group,Frieda Helgass,583-446-3327,28/08/2024
999,Goldner-Schinner,Nealon Pearn,124-407-5683,16/08/2021
1000,Bernhard and Sons,Manya Moffatt,114-677-9595,16/04/2022
